PartID,PartNumber,InstallationDate,ReplacementDate,SupplierID,ReplacementPartID,SensorID
1,07-2389187,11/21/2021,8/8/2021,8,null,42
2,89-9796246,7/19/2020,2/21/2023,6,null,79
3,59-7421540,11/12/2021,11/1/2021,9,null,745
4,61-5077671,2/21/2023,2/5/2022,5,null,895
5,07-4914139,4/22/2020,5/15/2023,10,null,41
6,91-9262272,1/20/2023,11/7/2023,10,null,561
7,42-3413561,7/30/2023,3/29/2020,3,null,129
8,46-3956200,9/21/2022,3/28/2022,7,null,165
9,95-7587756,5/9/2022,8/8/2022,8,null,778
10,30-1358655,6/17/2023,8/16/2022,6,null,953
11,74-9909127,5/8/2021,9/22/2023,1,null,457
12,62-4964934,11/2/2020,4/26/2021,9,null,720
13,73-7843616,10/7/2022,3/18/2023,5,null,227
14,06-7151410,1/24/2023,7/19/2020,6,null,917
15,76-0629022,3/22/2022,6/8/2023,1,null,770
16,79-9407012,3/31/2022,8/16/2020,1,null,310
17,83-4652589,2/6/2023,1/22/2020,2,null,366
18,42-9834099,3/13/2020,6/15/2021,4,null,51
19,26-7605848,1/31/2023,3/7/2022,10,null,150
20,56-4191883,3/21/2021,9/4/2022,3,null,801
21,86-4861785,7/10/2022,8/16/2020,4,null,569
22,07-8983959,6/22/2022,8/18/2023,1,null,692
23,12-1730616,9/26/2023,7/25/2021,3,null,181
24,27-4395476,7/2/2020,9/25/2021,9,null,388
25,06-3039186,5/28/2022,2/26/2020,10,null,584
26,50-7964813,7/29/2021,2/18/2023,10,null,249
27,68-4515391,10/6/2022,9/7/2021,1,null,471
28,95-7878621,11/7/2022,7/4/2020,7,null,809
29,95-9180128,3/24/2023,3/7/2023,2,null,209
30,68-6117956,3/17/2021,6/24/2021,1,null,739
31,61-3328168,1/9/2022,4/2/2022,4,null,301
32,12-7536707,2/20/2020,4/4/2023,1,692,298
33,73-8805833,10/13/2020,1/16/2020,9,null,76
34,05-5160311,8/24/2022,7/2/2020,6,766,40
35,43-5851445,6/12/2021,7/29/2020,9,null,668
36,75-3588830,8/18/2020,2/27/2021,1,null,157
37,80-6216198,9/25/2021,3/29/2020,7,null,602
38,00-0903116,9/30/2020,4/29/2021,3,null,930
39,47-8732071,3/11/2020,12/19/2023,8,null,29
40,56-6002981,11/15/2022,10/10/2020,3,null,183
41,59-6212296,11/27/2022,7/16/2020,1,null,415
42,02-0249863,7/16/2020,12/25/2023,4,null,543
43,59-8615447,5/22/2021,6/1/2021,7,null,176
44,66-3209954,8/29/2021,3/1/2023,4,null,671
45,45-5930287,6/22/2022,11/27/2022,5,null,898
46,60-1847981,4/23/2021,3/1/2021,6,null,494
47,95-0838295,1/28/2021,7/8/2020,6,null,586
48,26-7429237,7/1/2021,1/19/2022,6,null,8
49,09-0247543,9/26/2023,4/30/2023,6,null,337
50,82-8362643,7/19/2023,1/21/2021,9,null,177
51,61-5208731,7/12/2023,11/26/2021,10,null,332
52,04-3515939,1/1/2020,9/21/2023,3,null,785
53,23-1374136,4/3/2020,11/18/2020,8,null,581
54,59-0478719,7/8/2021,5/5/2020,8,null,792
55,86-7901427,8/17/2023,4/8/2023,3,null,354
56,39-9677059,8/4/2022,2/18/2021,2,null,980
57,25-3288357,2/4/2021,11/21/2023,8,null,313
58,66-8421105,3/12/2020,8/1/2020,8,null,48
59,38-4493251,3/19/2020,2/24/2021,4,null,571
60,54-0465383,5/24/2020,8/26/2022,7,null,197
61,90-5680930,12/7/2023,9/7/2021,4,null,29
62,94-7717227,2/9/2021,6/23/2021,2,null,656
63,42-7188481,12/14/2022,4/5/2022,1,null,11
64,41-8778849,6/24/2022,11/27/2023,7,null,78
65,44-9826759,8/8/2023,11/13/2021,8,null,254
66,38-4985052,4/23/2020,4/8/2023,9,null,355
67,46-8935258,9/1/2023,5/5/2020,3,null,602
68,36-1817508,7/9/2021,4/26/2022,9,null,374
69,54-5921571,3/8/2021,7/9/2022,2,null,577
70,31-7977267,1/19/2020,3/2/2023,1,null,164
71,16-5183509,8/17/2022,4/12/2020,9,null,103
72,26-0005492,1/21/2020,5/18/2021,2,null,38
73,40-0701087,5/19/2021,1/15/2021,10,null,726
74,01-8282365,2/19/2021,2/26/2023,4,null,763
75,60-4290301,5/14/2021,6/29/2021,2,null,705
76,42-1523465,4/16/2020,1/17/2023,2,null,481
77,62-1308764,8/7/2021,11/25/2023,3,null,635
78,49-7964346,3/23/2022,1/27/2021,1,929,403
79,99-5348195,12/19/2022,5/13/2022,2,null,513
80,87-3146966,1/26/2022,2/2/2021,3,null,867
81,94-4284108,3/31/2022,11/24/2021,2,null,625
82,62-9056930,2/22/2022,1/26/2020,6,null,185
83,52-3632463,8/5/2022,5/31/2021,8,null,789
84,56-3485277,7/2/2023,11/9/2020,9,null,864
85,08-9978485,9/4/2023,9/6/2020,9,null,430
86,46-2318169,7/19/2020,5/7/2021,6,null,18
87,54-2188149,8/23/2021,4/6/2023,2,null,257
88,15-2137262,8/26/2020,11/1/2022,6,null,203
89,00-1726593,3/23/2023,3/3/2021,8,null,546
90,01-8964429,9/11/2022,10/29/2023,9,null,441
91,75-4895811,8/7/2020,10/14/2023,9,null,906
92,96-2039971,7/26/2021,1/29/2023,3,null,184
93,11-8950185,1/7/2021,3/5/2021,4,null,614
94,72-9825097,4/5/2020,12/21/2020,9,null,650
95,62-2027038,11/12/2022,7/20/2023,5,null,757
96,00-2394070,9/28/2020,12/17/2020,5,null,634
97,38-3195140,7/3/2022,11/16/2022,2,null,315
98,69-3865814,11/8/2021,2/22/2022,3,null,441
99,76-7038754,6/2/2023,9/6/2023,2,null,551
100,18-3818997,11/26/2023,1/2/2022,7,null,272
101,68-0629895,10/21/2023,7/15/2023,2,null,865
102,55-7474642,11/25/2022,7/17/2023,10,null,859
103,02-0151843,10/8/2021,3/27/2023,2,null,54
104,57-2969603,6/22/2020,9/10/2021,2,null,583
105,49-2766673,3/26/2022,6/10/2022,4,null,407
106,63-4858397,3/24/2021,1/23/2022,10,null,55
107,00-4484614,4/6/2022,3/18/2021,5,null,467
108,83-0230105,10/18/2022,12/31/2022,2,null,39
109,01-0496512,2/3/2020,10/26/2021,6,null,681
110,95-2709487,1/29/2022,11/16/2021,9,null,911
111,63-2531863,7/28/2022,7/14/2020,4,null,233
112,98-8714385,9/25/2021,5/7/2023,8,null,229
113,64-0643001,4/2/2021,1/11/2020,8,null,656
114,27-4572565,4/27/2023,7/24/2022,5,null,528
115,06-2257859,7/5/2020,12/12/2021,4,null,380
116,27-9811980,1/25/2020,11/8/2020,8,null,859
117,17-1207653,5/31/2020,5/1/2023,8,null,704
118,49-7077029,12/31/2022,4/26/2021,4,null,255
119,08-0920031,5/17/2020,10/18/2023,1,null,24
120,91-6471284,3/12/2021,5/3/2021,8,null,451
121,73-4446278,12/31/2022,4/26/2022,10,null,335
122,30-0265463,10/15/2022,12/27/2022,3,null,628
123,97-1667652,12/12/2020,8/25/2022,5,null,490
124,56-4605990,9/6/2022,7/19/2023,1,null,176
125,85-3379709,9/13/2021,6/9/2020,5,null,997
126,94-8937423,10/29/2022,9/11/2022,9,null,441
127,83-1594153,2/8/2023,9/20/2022,2,null,773
128,83-5931144,9/11/2020,10/18/2023,10,null,590
129,52-1975745,11/29/2020,4/14/2022,1,null,554
130,42-7871060,6/15/2021,1/14/2022,4,null,451
131,05-6998089,1/10/2023,9/21/2022,5,null,409
132,18-7858524,7/22/2022,5/16/2022,6,null,133
133,88-0746287,2/26/2021,2/5/2020,4,null,305
134,09-1572094,4/29/2022,1/25/2023,8,null,973
135,49-8561713,4/1/2022,6/2/2023,10,null,783
136,53-9726718,6/17/2022,8/11/2022,4,null,28
137,72-0024896,5/28/2022,7/12/2023,1,null,525
138,59-8240479,1/7/2021,1/20/2023,2,null,685
139,20-2982348,2/17/2022,8/27/2022,6,null,768
140,95-2948905,11/11/2022,12/27/2023,8,null,66
141,08-1219511,4/30/2020,8/7/2021,7,null,306
142,08-8107141,11/20/2022,6/17/2023,6,null,447
143,96-8332022,3/11/2021,1/7/2021,8,null,31
144,68-9929864,3/7/2021,10/23/2020,9,null,670
145,80-5315337,6/23/2020,12/4/2020,10,null,241
146,83-2059583,12/26/2023,1/14/2023,2,null,682
147,49-3053137,6/8/2020,1/3/2021,2,null,588
148,80-3884441,9/1/2022,7/17/2022,8,null,786
149,67-1521969,11/3/2021,5/31/2023,5,null,31
150,09-1254042,7/26/2021,7/8/2020,6,992,161
151,02-0339435,7/28/2022,8/19/2021,1,null,827
152,02-0299516,2/10/2021,11/18/2021,9,null,117
153,08-2233871,6/11/2020,1/22/2021,2,null,457
154,75-2022551,4/2/2021,10/9/2022,9,null,473
155,85-4066710,11/19/2021,2/17/2022,5,null,367
156,42-0409525,5/10/2021,2/6/2021,6,null,475
157,51-2141770,6/1/2022,12/26/2020,5,null,622
158,04-1716505,5/22/2021,5/24/2021,5,null,67
159,34-4965927,3/11/2023,3/31/2023,6,null,425
160,56-8441305,11/18/2021,8/2/2023,1,null,515
161,71-9220001,6/27/2022,1/23/2020,6,null,390
162,54-9928437,1/19/2020,9/3/2020,10,null,341
163,54-7321944,1/31/2023,12/29/2020,7,null,22
164,74-6756497,7/6/2023,2/2/2020,7,null,544
165,82-9431060,9/18/2021,5/9/2022,5,null,898
166,09-6185080,11/22/2021,3/16/2021,6,null,768
167,97-2657907,10/25/2021,12/29/2023,8,null,717
168,46-0764486,6/20/2023,12/15/2020,1,null,135
169,43-2253497,9/6/2022,3/21/2021,9,null,629
170,40-3891681,12/30/2021,5/11/2020,4,null,205
171,03-8254537,1/6/2023,5/28/2022,5,null,1
172,66-8435995,1/28/2021,2/1/2023,3,null,569
173,95-6429311,6/2/2022,5/27/2022,2,null,880
174,35-3717594,4/25/2023,4/8/2021,7,null,785
175,10-7689815,8/26/2023,4/26/2023,1,null,191
176,59-9261320,3/4/2022,4/28/2023,7,null,520
177,31-7307002,7/8/2021,4/24/2021,9,null,68
178,07-8417062,1/12/2023,10/19/2023,7,669,504
179,07-3266288,3/9/2021,9/28/2021,7,null,956
180,37-7938977,5/13/2021,8/3/2022,6,null,971
181,46-5558723,4/19/2023,9/23/2022,8,null,805
182,66-5866316,3/20/2023,5/31/2021,5,null,878
183,28-0580996,3/3/2021,3/30/2023,2,null,823
184,63-9248061,5/9/2021,6/26/2021,9,null,72
185,02-0072135,4/12/2023,1/3/2020,4,null,325
186,81-8815929,1/31/2022,1/5/2022,7,null,725
187,00-7812625,12/21/2020,10/24/2023,8,null,902
188,44-0295067,6/24/2021,3/8/2021,4,null,122
189,58-4936146,2/16/2021,1/14/2021,4,null,722
190,82-3628965,2/11/2023,6/27/2022,3,null,375
191,18-0120500,12/17/2021,7/29/2022,10,null,318
192,88-4521267,8/8/2022,7/22/2021,4,null,926
193,84-1820511,7/24/2022,12/19/2021,1,null,900
194,47-3456125,2/11/2021,2/8/2022,9,null,66
195,82-1171919,10/19/2023,9/11/2020,1,null,330
196,66-2881493,9/11/2023,4/4/2023,3,null,841
197,66-6063168,8/14/2022,1/27/2020,3,null,187
198,14-6565289,2/13/2021,4/29/2023,1,null,919
199,30-8602756,11/2/2022,12/28/2022,2,39,580
200,40-5452998,3/27/2020,6/26/2021,10,null,762
201,34-8784391,7/21/2023,8/3/2021,2,null,50
202,29-0891017,1/22/2022,5/14/2020,9,null,332
203,69-2475234,1/23/2022,12/9/2023,8,null,236
204,17-5459652,4/21/2022,6/5/2020,10,null,462
205,32-7187846,7/27/2023,4/10/2020,8,null,917
206,33-8598302,3/4/2021,5/27/2021,2,null,142
207,84-8349088,8/26/2021,5/5/2022,8,null,741
208,67-0170529,1/28/2022,12/9/2020,9,null,92
209,64-5284480,5/20/2021,7/4/2020,2,null,784
210,90-9533207,4/4/2021,3/20/2020,2,null,522
211,92-2833638,2/11/2020,1/14/2021,1,null,148
212,49-1320978,8/6/2020,11/21/2020,8,null,177
213,88-4313528,10/21/2021,5/3/2022,7,527,880
214,02-4062134,1/18/2022,6/25/2022,3,null,96
215,32-6224424,11/18/2022,6/23/2021,8,null,14
216,59-5767284,9/15/2020,6/14/2021,6,485,282
217,51-7116618,11/30/2022,7/11/2022,7,null,811
218,48-3166628,3/18/2022,5/14/2023,1,null,957
219,68-9433242,7/31/2022,12/6/2020,5,null,641
220,68-9896167,11/29/2022,8/2/2021,6,null,937
221,30-4500825,6/15/2022,1/30/2022,6,null,204
222,18-9436037,2/9/2021,2/11/2023,6,null,855
223,97-7004226,11/2/2022,1/17/2023,10,null,559
224,22-5175668,12/8/2020,11/27/2023,3,null,373
225,82-5542236,9/3/2022,8/6/2023,2,null,70
226,73-2498322,2/14/2020,10/29/2021,1,null,727
227,62-3732698,6/3/2022,5/24/2023,2,null,622
228,55-2680779,3/25/2020,2/23/2020,10,null,442
229,71-0996252,3/10/2023,3/22/2021,3,null,63
230,58-0487426,11/15/2021,10/31/2020,10,null,865
231,25-3548169,12/3/2021,3/10/2020,5,null,466
232,38-3796009,1/7/2021,11/8/2022,8,null,423
233,19-2725089,12/24/2023,3/24/2021,4,null,989
234,63-4309996,2/3/2022,10/7/2021,7,null,737
235,59-1591881,9/25/2021,5/8/2022,8,null,697
236,21-4864988,5/22/2022,1/1/2021,8,null,542
237,19-8498099,1/16/2021,1/19/2022,6,null,555
238,30-0813803,9/17/2022,8/4/2020,10,null,655
239,17-4709378,12/4/2021,8/6/2022,9,null,507
240,07-1864110,4/29/2023,12/29/2021,8,null,834
241,91-9798043,9/15/2020,6/4/2023,5,null,468
242,76-3137356,8/8/2022,1/17/2022,2,null,604
243,38-0590657,10/26/2021,10/8/2022,4,null,798
244,83-3832702,8/12/2022,1/14/2021,2,null,371
245,93-3373746,10/30/2020,8/25/2021,7,null,580
246,99-2419009,11/22/2022,1/8/2021,8,null,394
247,71-4494742,1/6/2022,8/7/2021,2,null,805
248,55-3636886,7/11/2022,8/3/2020,4,null,301
249,09-5725016,9/22/2020,4/6/2021,7,null,946
250,40-1356092,2/1/2022,3/14/2021,3,null,718
251,82-9782107,8/29/2020,12/16/2020,8,null,257
252,44-3624677,7/6/2021,12/14/2021,2,null,678
253,81-8862183,8/9/2023,12/26/2020,7,null,483
254,99-0983991,10/5/2020,4/7/2022,7,null,802
255,01-9281807,9/29/2022,4/5/2023,2,null,823
256,76-8468948,9/4/2023,6/29/2021,9,null,987
257,16-0896361,7/18/2023,3/4/2020,6,null,703
258,97-8735962,7/21/2023,8/7/2020,10,null,360
259,31-5661185,10/2/2021,11/13/2021,8,null,432
260,12-8784662,6/27/2020,8/17/2020,2,null,207
261,77-7949978,5/6/2020,1/10/2022,10,null,527
262,60-5026995,7/8/2020,2/17/2023,6,null,593
263,63-6601415,6/19/2020,2/5/2022,5,null,783
264,87-7582461,8/22/2023,4/21/2020,3,null,283
265,15-0452454,2/16/2020,10/2/2022,5,null,817
266,65-0007641,2/5/2023,1/28/2021,3,null,716
267,14-4514535,11/23/2021,10/12/2023,2,null,456
268,03-4752863,10/6/2020,6/22/2022,4,700,313
269,99-0924435,12/28/2020,9/9/2022,6,null,553
270,06-3792305,12/12/2022,12/25/2022,8,null,465
271,58-4768139,12/17/2020,1/29/2020,8,null,939
272,10-9770967,1/20/2022,4/28/2020,6,null,937
273,55-6825134,11/14/2022,1/11/2022,3,null,468
274,70-7020191,9/22/2020,4/5/2021,2,null,945
275,88-0943534,6/28/2023,2/4/2022,8,null,9
276,01-0573330,7/18/2022,5/17/2023,10,null,126
277,80-2861932,2/24/2020,1/28/2023,1,null,940
278,81-7183391,3/23/2021,10/5/2022,10,null,658
279,94-4724599,4/15/2023,11/10/2021,1,null,48
280,52-5182047,9/14/2021,4/2/2022,5,null,784
281,99-9657222,12/25/2022,10/23/2021,10,null,557
282,81-6100619,6/24/2021,12/21/2020,5,null,972
283,74-0859403,4/23/2022,7/18/2020,1,null,164
284,85-5688554,7/22/2023,12/1/2023,5,null,732
285,80-3011215,2/8/2023,5/20/2020,1,null,725
286,98-9160688,8/29/2020,8/17/2020,5,null,55
287,10-4933558,1/29/2020,6/18/2022,5,null,50
288,31-0244811,9/13/2022,4/24/2023,7,null,393
289,18-3372506,3/10/2022,4/11/2023,10,null,119
290,91-2961501,6/28/2020,3/1/2022,6,null,853
291,73-0943176,4/21/2023,7/18/2021,7,null,801
292,22-1198019,6/7/2022,12/8/2021,2,null,497
293,74-4117094,5/24/2023,12/20/2020,6,null,957
294,31-4201576,2/1/2022,7/1/2021,6,null,598
295,56-2771347,2/24/2021,11/1/2022,10,null,854
296,47-5010006,1/28/2022,2/26/2021,1,null,287
297,78-7790021,2/26/2022,6/15/2021,9,null,870
298,34-9104864,3/17/2020,2/15/2023,5,null,71
299,42-1029137,9/30/2020,3/12/2020,6,null,46
300,15-9157824,4/6/2021,8/23/2021,7,null,209
301,44-7162233,4/22/2021,7/11/2021,6,null,508
302,46-7960735,1/7/2020,5/1/2020,4,null,904
303,23-1260634,4/10/2020,1/19/2022,7,null,316
304,91-5400656,10/25/2021,5/10/2021,5,null,806
305,26-2572452,4/19/2021,7/16/2021,2,null,172
306,41-1156583,2/5/2022,10/31/2022,6,null,249
307,59-3191248,5/30/2022,10/17/2020,10,null,441
308,59-8107307,9/29/2020,7/10/2020,3,null,336
309,49-8183275,1/8/2023,6/22/2022,2,null,543
310,50-2949061,6/24/2021,7/3/2020,4,null,822
311,90-3159953,1/27/2020,5/16/2020,8,null,464
312,11-1277651,3/19/2021,9/25/2020,6,null,503
313,67-4947279,12/8/2022,10/30/2020,2,null,356
314,11-8513929,10/16/2020,8/27/2022,3,null,498
315,32-4637258,4/28/2021,10/7/2022,2,null,704
316,09-7359722,12/13/2021,9/12/2022,3,null,438
317,84-4390073,12/22/2021,1/17/2020,3,null,922
318,55-2596386,9/13/2022,11/19/2020,9,null,549
319,36-0922756,11/22/2020,8/30/2020,10,66,311
320,74-2260571,3/28/2023,4/13/2022,4,null,562
321,99-5341161,6/26/2021,10/15/2023,3,null,994
322,76-6865429,2/26/2022,1/20/2023,7,null,433
323,31-5013207,12/15/2020,7/6/2021,7,null,862
324,17-3142139,11/22/2022,6/27/2020,4,576,941
325,84-8860295,5/24/2022,12/26/2021,2,null,953
326,25-6619575,5/13/2022,9/14/2020,9,null,971
327,11-0875410,1/7/2021,7/31/2020,8,null,896
328,38-7388954,4/17/2023,4/26/2021,10,null,395
329,75-2719221,4/19/2020,11/16/2023,5,null,637
330,89-4706831,1/18/2022,12/17/2020,3,null,589
331,11-6710604,12/5/2022,9/24/2022,2,null,589
332,85-3208639,6/26/2020,8/14/2020,2,null,105
333,00-4994831,9/21/2022,11/4/2022,9,null,654
334,92-2318782,1/29/2021,2/25/2023,6,null,329
335,16-3277993,1/2/2020,11/28/2023,7,null,216
336,86-5207849,2/1/2021,6/11/2022,7,null,844
337,32-5868146,11/1/2020,1/17/2020,9,null,209
338,13-8890913,7/14/2023,12/6/2021,10,null,410
339,97-1996443,8/21/2022,11/4/2021,5,null,23
340,45-1409086,12/22/2021,9/26/2020,6,null,941
341,78-1601994,9/27/2021,3/15/2021,8,null,732
342,85-6749739,11/5/2023,1/31/2023,1,null,317
343,86-5214360,11/21/2020,12/9/2021,7,null,778
344,50-5849612,8/9/2022,4/23/2023,3,null,201
345,32-6320033,6/16/2023,8/16/2023,7,null,67
346,18-3427808,9/26/2022,4/26/2023,1,null,53
347,62-9330163,8/17/2023,3/8/2022,7,null,784
348,05-1342335,3/28/2023,5/4/2022,9,null,53
349,71-3895949,2/1/2022,9/8/2022,3,null,685
350,70-6590285,2/3/2021,1/18/2021,2,null,669
351,70-5689639,10/2/2023,12/26/2020,1,null,459
352,91-6226821,12/14/2022,12/11/2021,10,null,703
353,53-9867592,9/16/2021,3/28/2020,1,null,319
354,34-0526610,11/24/2022,11/23/2023,2,null,329
355,64-7868270,3/21/2023,4/30/2023,10,null,665
356,85-2776572,12/19/2021,6/23/2022,5,null,625
357,55-7849817,11/2/2020,11/10/2022,9,null,717
358,20-9825824,3/17/2021,3/28/2021,9,null,825
359,71-9034697,7/1/2022,12/7/2022,7,null,661
360,90-8782454,1/17/2021,6/8/2020,4,358,104
361,91-5018162,10/31/2021,1/11/2020,10,null,60
362,64-4011421,12/23/2022,7/16/2021,2,null,139
363,32-7801605,4/26/2023,5/31/2021,5,null,418
364,66-5497442,6/11/2023,9/3/2023,3,null,262
365,44-8048297,12/8/2021,6/9/2022,3,null,392
366,59-9457952,9/22/2022,4/2/2022,3,null,375
367,51-6800631,5/15/2022,5/19/2022,6,null,301
368,06-3283701,7/28/2023,7/24/2020,1,null,549
369,82-8638671,12/25/2021,12/11/2022,3,null,921
370,70-8212693,7/22/2021,2/19/2020,4,null,90
371,61-4856051,1/12/2021,7/23/2023,3,null,736
372,36-6708491,3/23/2023,5/7/2021,7,null,487
373,43-2960469,12/5/2020,3/27/2021,3,null,100
374,81-1158991,8/12/2020,5/27/2023,2,null,106
375,77-4911797,5/26/2022,5/9/2023,7,null,694
376,39-6202034,2/28/2021,11/6/2021,10,null,514
377,38-2211738,2/28/2023,4/7/2022,9,null,543
378,93-4331526,3/13/2021,2/6/2023,9,null,143
379,98-9460113,4/4/2023,12/10/2021,4,null,361
380,40-8065064,11/10/2022,2/11/2022,3,null,977
381,38-5514834,10/30/2021,9/2/2023,4,null,854
382,77-7328081,2/7/2021,9/9/2021,5,null,536
383,88-2421082,12/28/2020,10/18/2023,4,null,66
384,46-3010968,6/27/2020,5/16/2020,10,null,548
385,93-8384361,4/8/2021,4/12/2020,7,null,746
386,05-4919682,6/12/2022,4/26/2022,8,null,960
387,03-7245005,7/11/2020,2/13/2022,5,null,505
388,65-9736471,7/25/2021,3/29/2021,3,null,720
389,38-4227960,1/18/2023,1/23/2022,4,null,24
390,52-5465839,4/25/2022,4/12/2020,3,null,745
391,85-1424901,2/5/2023,10/14/2023,5,null,965
392,81-0824938,12/3/2022,1/28/2021,8,null,362
393,07-1631468,11/6/2023,7/26/2020,6,null,552
394,55-6627155,4/22/2023,10/27/2022,1,253,241
395,35-6454938,3/16/2021,11/14/2022,6,null,468
396,52-1185563,5/22/2021,12/11/2023,1,null,523
397,79-0911244,11/2/2022,10/10/2021,7,null,760
398,82-4733531,8/30/2022,12/21/2023,1,null,347
399,57-0066517,7/11/2023,5/14/2022,4,null,277
400,99-4870027,6/13/2020,8/10/2022,1,null,209
401,72-0277233,2/22/2020,10/10/2020,10,null,10
402,25-9554745,3/24/2022,6/26/2022,2,null,976
403,16-8581196,6/3/2021,10/2/2023,8,null,275
404,01-4545787,6/22/2023,6/27/2021,5,null,778
405,03-7904667,10/28/2023,4/4/2020,5,null,556
406,80-2262986,9/1/2023,8/27/2023,8,null,830
407,43-0645488,2/28/2020,7/9/2021,4,null,59
408,51-9282605,5/18/2020,4/30/2021,5,null,390
409,65-3572093,6/17/2022,10/25/2022,5,null,237
410,99-5055148,3/7/2023,12/5/2022,10,null,408
411,67-4207563,7/24/2022,12/8/2023,9,null,835
412,78-3288872,8/18/2023,5/31/2021,2,null,70
413,19-1312987,2/15/2020,3/31/2023,7,null,3
414,68-5001765,1/7/2021,6/7/2023,3,null,856
415,96-2518295,6/7/2023,11/16/2021,3,null,525
416,01-6491889,1/13/2021,4/6/2021,4,null,827
417,41-1967155,12/4/2021,6/4/2023,4,17,430
418,11-1147694,4/6/2022,1/9/2020,8,null,893
419,78-1736551,1/16/2020,11/9/2022,10,902,575
420,77-1252059,4/6/2021,2/19/2020,10,null,568
421,60-2244049,12/3/2021,8/17/2022,5,null,793
422,98-3021641,6/11/2023,5/27/2023,3,null,254
423,96-3215556,6/14/2020,9/1/2021,5,null,791
424,84-5195038,12/25/2023,5/23/2020,5,null,225
425,95-5962415,7/18/2021,6/29/2020,8,null,861
426,25-6141593,11/30/2020,4/28/2022,8,null,662
427,74-7361683,2/13/2022,7/10/2020,8,null,238
428,49-1080513,5/23/2020,2/22/2020,1,null,639
429,23-6816945,9/14/2022,1/26/2020,7,null,957
430,54-0259937,5/6/2022,4/18/2023,2,null,612
431,00-1105910,9/11/2021,11/13/2020,8,null,960
432,29-8295696,11/30/2022,5/20/2023,4,null,147
433,74-3172418,8/13/2020,9/29/2023,4,null,85
434,50-3738928,2/2/2021,8/29/2021,5,428,889
435,41-5484393,5/29/2022,5/26/2020,9,null,734
436,47-9619061,6/14/2023,5/25/2021,10,null,995
437,04-3550009,10/12/2023,12/9/2022,2,null,598
438,41-8605445,9/15/2022,9/3/2022,6,null,49
439,03-7311523,6/30/2023,7/21/2022,10,null,812
440,24-1798069,11/12/2023,7/20/2020,8,67,190
441,52-4498855,4/16/2022,6/7/2020,3,null,54
442,63-6867905,7/21/2020,10/26/2022,9,null,624
443,97-3863211,12/27/2021,12/11/2022,9,null,158
444,74-4370561,6/23/2023,7/2/2023,8,null,128
445,86-9900456,8/12/2023,6/29/2022,9,null,467
446,30-8181750,3/10/2020,2/7/2021,5,null,505
447,58-0774916,8/18/2021,11/5/2020,6,null,375
448,18-5749035,1/25/2020,12/28/2021,6,null,31
449,70-0558270,10/21/2023,9/27/2023,8,null,249
450,25-6835496,1/14/2023,8/18/2022,1,null,672
451,21-9659380,1/1/2023,8/14/2020,10,null,709
452,42-9529749,5/9/2023,5/31/2023,2,null,83
453,31-9937874,10/7/2022,10/3/2023,4,null,575
454,54-9674329,1/3/2021,11/6/2021,5,null,409
455,79-6007155,5/12/2021,3/13/2020,9,null,635
456,61-4594056,2/28/2022,12/3/2021,5,null,355
457,46-4913934,7/25/2020,9/3/2020,7,null,140
458,09-6456530,9/18/2021,1/5/2022,3,null,243
459,50-5215323,1/11/2020,1/28/2020,1,null,808
460,52-8749103,4/5/2023,5/16/2023,2,null,878
461,44-3202549,3/9/2022,10/8/2022,1,null,405
462,41-6720094,1/19/2020,7/23/2020,5,null,958
463,97-8031023,8/26/2022,11/6/2021,6,null,8
464,45-1876711,6/27/2020,10/16/2022,9,null,574
465,46-3650023,4/30/2020,7/27/2023,7,null,722
466,84-5382922,7/6/2022,6/1/2021,4,null,79
467,20-0680536,10/26/2021,7/9/2020,7,null,908
468,17-3282038,10/25/2020,2/18/2020,1,null,626
469,24-7002187,4/7/2022,9/23/2021,9,null,361
470,91-9481611,10/14/2022,3/26/2022,10,null,375
471,59-1005945,4/27/2022,8/24/2023,8,null,748
472,42-6893802,3/3/2020,4/7/2020,1,null,550
473,04-5351914,10/18/2021,8/27/2023,1,null,785
474,72-0308313,7/25/2023,7/6/2021,3,null,871
475,17-4631830,6/20/2021,7/6/2020,3,null,107
476,11-8958861,11/21/2021,9/26/2022,8,null,461
477,50-4897187,10/21/2020,4/15/2022,1,null,853
478,24-6325832,12/12/2023,10/2/2020,8,null,773
479,26-2720085,4/28/2022,11/17/2021,9,null,101
480,43-2701933,12/1/2021,9/28/2022,3,853,196
481,81-9630488,4/14/2022,10/19/2020,10,null,375
482,43-5320109,10/27/2020,10/31/2021,4,null,184
483,86-2760082,2/10/2020,2/9/2023,5,null,436
484,73-9189843,5/2/2020,5/20/2020,2,865,855
485,97-0684295,4/16/2022,3/6/2023,7,null,304
486,46-9799165,12/4/2022,9/25/2022,4,null,727
487,07-9097904,3/23/2020,7/13/2021,3,null,407
488,14-7611124,9/30/2021,9/2/2020,2,null,847
489,26-9200629,9/6/2021,4/26/2020,4,null,797
490,86-9567862,6/24/2021,5/13/2020,6,null,339
491,76-5128899,12/1/2020,9/6/2020,4,null,148
492,18-4311232,7/31/2020,2/25/2023,5,null,719
493,61-0391264,2/12/2021,5/25/2023,2,null,872
494,70-4814121,2/21/2022,10/25/2020,8,null,103
495,56-4256620,12/15/2023,3/11/2023,10,null,40
496,17-8844077,5/22/2020,10/9/2021,3,null,583
497,84-6988726,12/12/2020,2/4/2021,2,600,787
498,50-8548796,3/14/2021,11/5/2020,8,null,203
499,70-4031326,9/25/2020,10/12/2022,3,null,591
500,68-8668687,12/5/2022,5/12/2020,8,null,845
501,13-4746650,10/14/2023,9/21/2020,5,null,904
502,18-2157195,6/3/2020,4/29/2022,10,null,698
503,21-6974691,9/10/2022,9/21/2020,4,null,575
504,09-2501480,4/30/2020,9/29/2023,4,null,917
505,40-4509726,12/12/2021,5/19/2022,9,null,392
506,28-7083543,10/11/2023,6/24/2022,1,null,579
507,23-7355675,1/10/2023,8/25/2020,4,null,869
508,97-1653088,9/12/2022,12/15/2023,8,null,307
509,31-4619905,9/12/2021,2/15/2020,1,null,257
510,35-7833624,4/10/2020,7/21/2021,5,null,185
511,69-5665908,4/5/2020,3/2/2021,1,null,249
512,47-9634166,5/29/2022,8/3/2022,7,null,478
513,15-5253571,8/7/2023,5/26/2023,2,null,304
514,03-7854615,9/3/2022,10/12/2022,3,null,152
515,02-3946305,12/5/2020,7/23/2022,2,null,742
516,12-1780567,7/18/2020,3/26/2023,7,469,286
517,11-8183312,10/5/2020,1/18/2023,1,null,238
518,44-7108050,2/1/2022,10/5/2020,6,null,937
519,77-9062023,11/30/2021,9/20/2022,4,null,927
520,62-5453056,8/20/2022,8/15/2023,1,null,245
521,77-1450618,9/13/2022,9/5/2023,5,774,309
522,81-4776391,5/11/2023,1/20/2020,5,null,956
523,50-6800209,4/21/2023,7/5/2022,7,null,370
524,62-6260568,12/7/2020,11/1/2021,1,null,373
525,43-3926655,5/15/2022,12/9/2020,3,null,175
526,16-1675699,5/8/2022,11/1/2023,2,null,428
527,56-9276656,1/20/2022,1/26/2020,5,null,814
528,48-9550893,3/19/2023,1/3/2023,10,null,60
529,21-1069655,10/27/2021,12/9/2020,2,null,556
530,92-1889598,3/23/2020,10/18/2021,4,585,893
531,08-9006911,12/1/2023,2/7/2020,7,null,436
532,65-3461809,9/21/2020,8/24/2021,10,null,988
533,44-3104427,11/4/2020,10/25/2022,4,null,578
534,79-3614208,2/1/2020,3/29/2022,1,null,517
535,65-8207086,1/9/2022,5/17/2020,7,null,103
536,62-7357542,3/6/2023,9/6/2022,9,null,519
537,77-2727910,7/23/2022,12/25/2022,4,7,97
538,85-9770697,7/29/2021,11/27/2022,2,null,27
539,90-9975399,7/18/2021,12/4/2023,5,null,247
540,12-0566347,12/29/2021,7/9/2023,9,null,106
541,74-6976850,8/9/2021,1/28/2022,3,null,180
542,62-3572816,5/31/2020,2/19/2020,5,null,752
543,31-6327345,9/19/2023,1/2/2020,7,null,521
544,61-6006849,7/23/2021,6/2/2022,1,null,657
545,06-4949755,3/22/2022,10/6/2022,10,null,189
546,84-2902001,4/21/2022,3/20/2021,7,null,650
547,48-5920871,11/28/2023,12/9/2020,10,null,525
548,15-8089689,8/7/2023,3/29/2021,7,null,745
549,11-4653620,5/20/2023,3/20/2021,9,null,429
550,70-9446447,10/23/2020,11/7/2021,3,null,249
551,52-4124048,4/23/2023,5/2/2023,7,null,425
552,33-5937226,5/5/2021,7/21/2020,10,null,460
553,37-5568394,4/23/2020,12/24/2022,2,null,824
554,70-6405962,10/14/2020,8/15/2020,4,null,400
555,80-6319881,2/23/2020,10/30/2023,8,null,135
556,93-9686221,8/2/2020,6/27/2021,1,null,31
557,45-4015247,2/14/2021,11/9/2021,7,null,391
558,12-7850378,6/3/2022,5/21/2022,2,null,348
559,18-8814510,11/3/2023,5/30/2020,4,null,496
560,41-4163181,4/24/2020,6/13/2021,10,null,779
561,97-9602910,6/4/2023,2/17/2022,5,null,678
562,69-8940220,5/15/2023,6/3/2020,3,null,933
563,58-1943977,6/9/2023,8/14/2023,8,null,67
564,65-9587232,11/24/2022,11/10/2020,6,null,718
565,93-7285707,8/29/2023,5/13/2023,9,null,501
566,94-4009826,9/18/2022,11/10/2020,8,null,194
567,38-4679439,9/20/2021,9/7/2023,2,null,769
568,24-9072815,1/7/2022,10/18/2020,10,null,894
569,11-9847422,6/17/2023,6/6/2023,10,null,120
570,11-4369852,6/25/2022,12/29/2021,8,null,149
571,93-4077651,5/6/2022,2/25/2022,5,null,882
572,18-7602141,7/14/2020,8/12/2023,6,null,247
573,03-9434583,5/10/2022,3/24/2023,9,null,3
574,88-0982942,9/6/2023,3/15/2022,3,null,233
575,88-2069157,1/5/2023,10/27/2022,7,null,304
576,05-8674859,3/15/2022,3/17/2023,4,null,502
577,47-2809079,3/22/2020,5/15/2021,6,null,186
578,85-5625440,9/21/2020,8/16/2021,10,null,532
579,13-0689340,12/8/2022,5/3/2022,3,null,878
580,21-5262963,11/3/2022,8/18/2023,1,186,262
581,89-3424274,2/6/2021,3/22/2023,10,701,490
582,27-4329770,3/15/2022,8/25/2023,8,null,411
583,18-2498628,7/17/2020,8/31/2023,2,null,783
584,92-9852690,2/24/2023,9/22/2021,3,null,109
585,00-0482228,9/3/2020,9/18/2022,8,null,333
586,12-4019473,3/16/2021,11/18/2020,10,447,97
587,68-2524830,6/21/2021,9/20/2020,5,null,862
588,41-3936369,1/6/2022,9/18/2021,10,null,174
589,42-6134491,2/4/2020,9/20/2023,7,null,885
590,15-1055718,6/11/2022,4/8/2021,6,null,672
591,84-5835059,5/11/2022,3/7/2023,7,null,368
592,43-7220593,3/13/2023,12/31/2020,4,null,180
593,22-3238972,6/28/2021,4/6/2020,8,null,674
594,66-3658393,10/5/2023,3/4/2022,10,null,516
595,31-4215370,3/23/2020,4/9/2022,9,null,85
596,16-0880493,6/17/2021,11/16/2021,1,null,167
597,86-7133133,3/21/2021,12/1/2023,9,null,577
598,51-3238326,7/28/2021,11/30/2022,1,null,833
599,09-3769147,5/22/2021,9/5/2023,10,null,961
600,59-8857013,9/5/2022,9/1/2022,7,null,392
601,83-7440022,11/7/2022,2/3/2023,8,null,535
602,89-7882151,6/27/2022,8/3/2023,2,null,785
603,45-4075983,10/7/2022,10/4/2021,2,null,11
604,35-5484600,12/30/2023,5/10/2023,3,null,3
605,45-5765423,1/18/2022,5/14/2022,9,null,954
606,29-7277901,8/31/2023,5/6/2021,9,null,601
607,91-8938273,6/7/2021,11/20/2020,8,null,127
608,97-4837400,2/26/2023,4/6/2021,9,null,718
609,90-1115258,5/5/2023,9/16/2023,6,null,787
610,82-3587121,3/3/2020,8/8/2023,5,null,119
611,67-1297385,5/29/2020,3/30/2023,8,null,963
612,68-2656280,3/20/2022,11/18/2023,8,414,943
613,31-2010151,3/19/2020,12/29/2020,3,null,961
614,24-6357844,1/8/2021,5/31/2023,6,null,657
615,41-2493212,11/13/2021,8/20/2021,7,null,390
616,83-8963438,4/29/2023,1/3/2022,2,null,620
617,06-5915661,9/28/2023,8/26/2021,9,null,996
618,48-7483156,3/16/2023,4/16/2020,7,null,192
619,26-4888807,10/26/2023,4/1/2023,7,null,219
620,09-9458562,11/23/2023,12/27/2020,8,null,289
621,61-8975775,9/26/2023,1/3/2023,9,null,241
622,08-6120707,11/13/2023,1/3/2023,5,null,971
623,15-7657905,6/1/2022,8/10/2020,7,null,976
624,68-0168091,2/22/2022,6/30/2022,3,null,15
625,84-1995269,11/22/2021,7/4/2022,10,null,944
626,79-6654296,6/19/2020,1/25/2021,8,null,248
627,68-8220977,12/24/2020,4/8/2023,3,null,245
628,21-1269057,12/16/2022,4/9/2022,5,null,404
629,29-9929961,12/21/2020,10/28/2022,3,null,760
630,66-3435894,8/20/2023,1/27/2023,3,null,806
631,15-4538115,10/10/2023,9/26/2022,2,null,29
632,98-9460573,9/30/2022,9/29/2023,2,null,681
633,38-3841204,9/14/2022,5/17/2021,6,null,920
634,64-5534182,8/7/2022,6/9/2021,2,null,958
635,14-7262167,6/3/2022,2/3/2022,8,null,732
636,22-4257168,1/3/2023,5/17/2021,2,null,497
637,50-9216272,8/29/2020,6/26/2020,6,null,429
638,40-4447517,5/3/2023,5/19/2023,6,null,519
639,54-6364696,2/8/2023,1/26/2022,2,null,322
640,98-6096379,1/13/2020,12/16/2021,1,null,788
641,06-3244262,10/24/2022,2/23/2022,6,null,370
642,57-5118487,12/25/2023,9/13/2022,7,null,467
643,97-1246672,8/5/2020,1/31/2020,8,null,49
644,71-6099617,12/24/2022,8/12/2022,6,null,329
645,06-7059826,12/20/2023,7/25/2021,7,null,495
646,50-7894197,3/12/2022,4/14/2023,5,null,236
647,79-2355108,11/14/2023,4/7/2023,5,null,358
648,62-9346489,3/31/2023,12/25/2020,9,null,213
649,19-5763758,10/30/2023,1/5/2021,7,null,449
650,89-4776325,10/5/2021,7/1/2022,3,null,992
651,83-4959896,4/30/2021,3/22/2023,1,null,296
652,84-0069670,12/20/2021,8/13/2020,4,null,350
653,53-0941854,8/21/2023,11/2/2023,1,null,41
654,16-2023673,3/17/2020,6/20/2023,9,null,786
655,54-3080471,1/24/2020,12/3/2020,5,null,145
656,45-6533226,7/26/2022,9/3/2021,3,null,509
657,95-4365226,9/18/2020,5/8/2022,3,null,320
658,37-3227395,9/25/2023,1/28/2023,10,null,606
659,38-3485502,4/30/2020,2/20/2022,2,null,411
660,44-8628410,8/11/2022,11/28/2023,8,null,861
661,70-0629865,6/7/2020,1/28/2022,10,null,711
662,48-1712203,9/30/2023,10/26/2022,9,null,376
663,40-6335954,9/14/2021,9/5/2021,4,null,117
664,70-1762556,2/22/2023,12/21/2023,8,null,389
665,14-1769315,7/24/2023,12/6/2023,9,null,921
666,14-2862443,2/27/2022,10/3/2020,1,null,824
667,53-6099103,9/7/2023,3/8/2021,2,null,738
668,05-7563896,12/4/2021,7/9/2020,6,null,784
669,29-4996466,8/24/2020,5/28/2020,2,null,788
670,16-5104466,4/2/2023,8/30/2021,3,null,951
671,90-5951168,6/12/2020,4/28/2020,6,null,657
672,52-2614849,5/14/2020,12/22/2023,9,null,449
673,73-8723806,8/1/2023,3/27/2020,6,null,175
674,89-5055793,6/3/2021,11/12/2022,5,null,111
675,45-9819146,10/12/2023,11/11/2023,2,null,828
676,24-2052542,6/25/2020,2/19/2023,2,null,546
677,16-6266717,8/7/2021,11/8/2021,1,null,667
678,91-7914194,4/13/2023,9/22/2022,9,null,371
679,68-6891908,9/7/2021,7/5/2021,5,null,857
680,48-7075956,3/25/2021,2/9/2022,7,null,447
681,71-1798193,7/13/2022,4/17/2023,9,null,401
682,15-8200546,11/17/2021,10/8/2023,5,null,956
683,79-7255022,10/11/2020,12/9/2021,1,null,384
684,81-6238670,2/5/2020,9/2/2020,6,null,803
685,96-0512663,1/13/2020,8/26/2021,1,null,85
686,75-2959568,8/22/2020,11/14/2022,6,null,715
687,83-4046007,3/15/2023,5/19/2020,4,null,104
688,74-2901315,6/10/2020,12/9/2020,2,null,880
689,23-1579035,1/18/2022,11/26/2022,1,null,480
690,11-0460223,11/25/2021,11/9/2022,1,null,842
691,23-1107875,7/12/2020,8/28/2023,2,null,440
692,03-7720882,1/21/2023,9/29/2022,10,null,607
693,54-4001430,8/12/2022,7/24/2020,9,null,553
694,30-0142005,12/13/2020,3/4/2022,5,null,761
695,81-6424337,7/19/2021,4/16/2021,6,null,775
696,52-9601310,7/30/2020,6/13/2020,6,null,930
697,97-9686196,12/4/2022,3/2/2020,9,null,861
698,50-8685017,11/20/2020,6/21/2020,6,null,951
699,63-4344289,4/22/2022,6/12/2020,9,null,135
700,27-1017661,1/7/2020,8/12/2020,10,null,672
701,98-6043986,4/16/2023,7/10/2020,7,32,346
702,93-7417778,6/14/2020,11/2/2021,9,null,42
703,11-5260801,6/6/2020,8/9/2023,7,null,931
704,89-6217416,11/13/2020,4/6/2023,10,null,119
705,93-2954565,6/4/2021,3/17/2022,2,null,757
706,79-8191811,4/14/2021,12/30/2022,4,86,672
707,01-4788661,3/6/2022,12/9/2022,6,null,531
708,22-0289744,1/26/2022,2/5/2022,9,38,383
709,04-0745280,11/5/2022,2/26/2022,10,null,133
710,86-6119210,7/18/2023,9/20/2023,7,null,156
711,84-5027340,10/19/2020,7/1/2020,7,null,615
712,67-3432803,12/31/2022,10/4/2021,5,null,950
713,31-1040552,10/5/2021,10/16/2021,6,null,538
714,02-4671355,10/11/2021,11/17/2023,7,null,302
715,70-3858752,10/24/2020,6/30/2023,1,null,901
716,40-8628554,9/15/2021,5/13/2023,10,null,836
717,56-8907492,9/23/2022,1/5/2020,9,null,573
718,01-5725334,12/27/2020,6/9/2020,8,null,679
719,50-1172359,11/10/2023,4/20/2023,7,null,456
720,88-1535172,1/20/2021,11/6/2020,1,null,20
721,86-7456035,1/30/2022,1/13/2023,2,null,865
722,68-2077361,5/30/2022,5/18/2023,4,202,526
723,56-4904807,6/4/2023,1/20/2020,3,null,304
724,74-6551817,1/26/2022,5/25/2020,2,null,575
725,95-3672903,2/6/2020,6/30/2021,8,null,178
726,11-1112925,2/10/2020,5/5/2023,10,null,608
727,44-6391646,9/28/2022,9/3/2022,5,null,835
728,68-0919125,7/31/2023,5/8/2021,4,null,993
729,91-6860200,5/23/2020,2/27/2020,1,null,231
730,35-2176705,10/6/2022,4/22/2020,8,null,198
731,25-3276765,2/4/2020,2/17/2023,2,null,836
732,77-5539626,6/9/2022,10/21/2023,8,null,400
733,32-2864702,9/13/2022,11/27/2023,7,null,779
734,72-5421600,4/11/2020,4/18/2021,8,null,240
735,32-0771226,12/22/2020,9/11/2020,9,null,130
736,93-5697628,11/7/2023,4/2/2022,9,null,162
737,58-5791789,5/26/2023,1/6/2020,8,null,94
738,97-5971986,11/15/2022,2/4/2021,2,null,796
739,48-2485301,12/13/2021,4/19/2023,4,null,153
740,09-4487217,1/9/2020,11/14/2021,8,null,416
741,97-5870967,12/25/2022,2/8/2020,6,null,653
742,32-9170164,3/22/2021,7/24/2020,10,null,476
743,85-6223504,4/19/2023,11/17/2020,9,null,49
744,68-0394930,5/11/2021,5/3/2023,10,507,786
745,89-9582404,10/1/2020,2/2/2020,8,null,379
746,42-3741537,5/21/2023,6/7/2021,9,null,728
747,90-0159024,1/23/2021,2/24/2020,5,null,514
748,96-9599077,11/25/2023,6/13/2021,5,null,903
749,07-2801896,8/9/2020,3/22/2020,8,null,521
750,43-6848505,7/7/2023,8/26/2023,2,null,222
751,66-7682062,10/24/2021,9/13/2023,2,null,131
752,33-8015728,9/13/2022,3/23/2021,2,null,613
753,01-7669239,11/16/2021,1/23/2020,10,null,753
754,59-2983548,2/12/2022,12/18/2023,6,null,617
755,30-2240086,11/28/2022,4/14/2023,1,null,825
756,20-5113952,4/22/2021,6/19/2021,10,null,631
757,44-0484037,1/3/2022,7/23/2022,6,null,35
758,65-0012616,6/24/2022,10/21/2023,9,null,656
759,64-5870284,12/30/2023,9/5/2021,2,null,269
760,05-3838282,8/20/2021,6/16/2022,7,null,570
761,87-0666823,7/20/2022,1/26/2020,4,null,864
762,00-8613326,4/12/2023,10/4/2020,2,null,116
763,95-5145723,9/8/2021,12/30/2021,4,138,419
764,90-8856954,8/31/2021,5/25/2022,1,null,2
765,65-9260481,6/17/2023,12/26/2022,1,null,724
766,50-2614181,6/24/2021,11/22/2020,7,77,139
767,02-1141461,4/6/2021,9/27/2020,4,null,912
768,13-1730490,7/20/2020,1/29/2020,10,null,486
769,67-9872252,8/1/2020,8/6/2023,5,null,612
770,40-4838278,3/27/2023,5/27/2020,4,null,267
771,52-8989187,2/25/2020,5/22/2023,7,null,579
772,63-5486988,5/7/2020,12/5/2021,6,null,35
773,63-0826983,2/2/2023,12/2/2022,3,null,833
774,69-3081767,3/18/2021,8/9/2023,9,null,462
775,61-8548351,12/4/2023,1/26/2020,4,null,207
776,80-1507740,1/27/2021,1/29/2023,2,null,376
777,27-7235206,1/17/2022,6/22/2021,8,null,712
778,52-7940337,8/27/2020,9/26/2023,8,null,130
779,59-7833266,5/7/2022,10/7/2021,10,null,459
780,91-6047259,9/19/2023,4/7/2021,1,null,703
781,00-1424132,8/16/2023,10/13/2023,5,null,672
782,32-7613857,2/18/2020,12/29/2023,6,null,497
783,64-0373250,3/13/2020,10/21/2020,7,null,409
784,57-6646476,10/30/2020,11/30/2021,5,null,846
785,24-7859539,12/15/2022,6/27/2023,5,null,472
786,93-9474753,5/12/2021,1/2/2023,4,null,259
787,00-9072629,1/27/2021,2/9/2020,2,null,130
788,44-3832201,10/6/2020,3/5/2021,10,null,918
789,82-9290550,9/15/2021,3/28/2021,1,null,84
790,18-7791382,7/15/2022,9/17/2020,2,null,519
791,14-3197446,10/18/2020,11/13/2020,7,null,225
792,44-5942692,9/4/2022,4/30/2022,4,null,638
793,94-6269409,12/5/2020,2/11/2022,5,null,785
794,03-5199262,8/20/2021,12/21/2021,8,null,836
795,31-2531428,2/4/2023,5/4/2023,2,null,908
796,11-5933372,7/2/2020,9/29/2020,10,null,310
797,78-2986613,2/5/2021,11/4/2021,10,null,824
798,10-8688505,4/16/2022,11/9/2022,4,null,620
799,19-3366880,6/10/2020,5/14/2021,3,null,911
800,14-4418135,6/19/2023,11/30/2021,3,null,559
801,72-9474197,4/6/2020,3/27/2022,4,null,75
802,51-7523064,2/2/2022,5/25/2020,9,null,527
803,54-3570782,6/20/2022,12/17/2020,7,null,693
804,69-0841585,3/23/2021,10/11/2023,9,null,101
805,65-2885930,5/30/2022,7/23/2022,4,null,104
806,31-7302365,8/8/2022,6/30/2022,3,null,605
807,94-5051992,11/12/2021,9/8/2021,5,null,976
808,29-7985643,10/20/2021,8/7/2020,1,null,40
809,77-3621147,10/16/2021,6/3/2023,10,null,928
810,34-0668441,10/16/2022,9/26/2020,4,null,657
811,64-1707090,11/6/2022,6/6/2020,4,null,308
812,17-3372865,1/26/2023,3/31/2023,7,null,15
813,05-4478804,5/11/2020,4/12/2020,6,null,246
814,93-0923216,9/8/2020,7/23/2021,3,null,959
815,37-7214963,12/17/2022,1/25/2023,1,null,983
816,25-9336246,12/6/2022,8/29/2021,1,null,921
817,19-3295909,3/16/2023,9/2/2022,7,null,609
818,24-9263300,12/4/2021,5/7/2023,5,null,127
819,73-2868767,12/22/2023,5/4/2023,9,null,721
820,25-2003345,4/27/2023,5/21/2021,10,null,918
821,20-0668616,11/21/2021,9/20/2020,8,null,483
822,25-4698336,4/27/2021,12/29/2023,2,null,598
823,98-3736853,5/22/2023,1/18/2023,3,null,683
824,40-6866092,10/2/2020,12/23/2021,8,null,836
825,00-6081070,10/7/2022,4/20/2021,8,null,159
826,91-6972544,9/8/2023,4/22/2020,5,null,542
827,13-4181693,10/21/2020,2/25/2022,8,null,567
828,27-5982006,7/11/2023,7/27/2021,7,null,185
829,31-5819381,11/26/2020,1/14/2022,6,null,77
830,66-6886428,11/28/2020,4/30/2020,10,null,55
831,38-0046690,4/20/2021,2/13/2022,6,null,422
832,96-6586341,4/24/2020,5/23/2023,7,null,907
833,31-0208498,7/25/2020,3/15/2023,1,null,332
834,77-5946614,12/29/2022,3/1/2023,10,null,957
835,33-1511605,10/6/2020,6/20/2022,7,null,38
836,47-3871618,6/20/2022,1/23/2022,5,null,58
837,76-3567907,1/16/2023,3/15/2021,8,null,807
838,58-3432066,10/20/2023,2/24/2021,4,null,573
839,23-9245537,1/29/2020,6/20/2022,5,null,254
840,78-9361558,8/3/2023,4/2/2021,9,null,544
841,59-0577409,5/7/2021,3/5/2020,1,null,132
842,98-9396214,8/5/2020,6/28/2022,1,null,859
843,06-5820674,1/10/2021,6/20/2020,7,162,915
844,58-4933870,10/29/2022,6/22/2020,1,null,187
845,15-3054974,12/24/2021,9/17/2021,6,null,509
846,20-8457486,8/30/2023,8/12/2022,3,null,154
847,14-8215187,8/19/2023,9/28/2020,1,null,7
848,65-0798369,4/8/2020,8/29/2020,4,null,123
849,47-4711200,10/11/2022,8/20/2020,10,null,867
850,27-1380694,6/7/2020,2/21/2020,5,null,161
851,82-4362512,6/19/2022,2/26/2020,2,null,113
852,42-6461809,8/2/2020,1/5/2020,5,null,594
853,49-5106233,7/7/2020,10/17/2020,2,null,665
854,24-5449475,7/29/2020,6/12/2022,2,null,784
855,22-0362815,7/8/2022,10/23/2022,8,null,504
856,27-4162557,4/27/2023,12/8/2020,9,null,946
857,54-6882111,12/14/2021,7/7/2022,1,null,529
858,93-4038495,7/26/2020,8/29/2023,3,null,942
859,74-3367426,8/5/2023,7/5/2020,10,456,963
860,37-2877243,6/30/2022,2/11/2020,1,null,748
861,42-6404255,8/13/2023,4/26/2022,9,null,520
862,86-6961601,1/26/2020,1/4/2020,10,null,88
863,35-8611467,1/7/2022,8/29/2023,4,null,903
864,07-8629151,7/15/2023,11/21/2023,8,null,444
865,56-8561321,6/25/2022,2/16/2021,5,null,665
866,39-6978262,3/30/2020,6/7/2020,8,null,78
867,92-6483056,2/28/2023,1/17/2020,8,null,148
868,81-2066921,4/17/2020,10/31/2022,1,null,697
869,10-7856945,8/18/2023,11/8/2023,5,540,758
870,25-0701472,5/16/2023,10/31/2022,8,null,236
871,06-2080640,3/8/2021,8/12/2020,7,null,591
872,51-0662363,4/11/2020,6/27/2022,1,null,719
873,11-4673655,11/12/2020,5/4/2020,4,null,179
874,23-8020373,8/27/2020,9/24/2023,10,null,542
875,93-0848337,8/15/2022,12/22/2022,3,null,257
876,12-2295102,7/3/2023,5/9/2022,10,null,785
877,35-2326587,1/20/2023,10/21/2022,7,null,752
878,08-4369829,12/19/2021,10/14/2022,7,null,123
879,89-3790161,7/15/2021,1/12/2020,2,null,376
880,99-2918523,4/11/2022,6/27/2023,9,null,188
881,90-2964720,3/24/2021,11/30/2023,7,797,926
882,84-7307442,6/26/2020,2/14/2023,9,null,402
883,41-5932392,6/16/2020,8/27/2022,4,965,959
884,89-4875338,11/22/2023,12/2/2023,5,null,756
885,43-7514537,1/26/2020,5/9/2023,7,null,810
886,52-1977543,4/5/2023,6/12/2021,6,null,239
887,20-4549845,11/15/2021,5/13/2020,3,null,370
888,15-7542548,2/9/2020,11/24/2023,7,null,137
889,63-1674594,6/30/2023,8/21/2022,10,null,379
890,67-4302344,10/29/2023,4/5/2021,3,null,861
891,16-6887453,3/1/2022,7/25/2021,3,null,176
892,96-3370400,3/11/2023,11/24/2021,4,null,154
893,09-8594859,2/12/2023,8/5/2020,2,null,663
894,07-2196482,3/13/2023,5/6/2023,6,null,59
895,03-1481066,12/17/2023,2/20/2023,6,null,553
896,66-0294738,11/23/2020,3/15/2021,7,null,897
897,42-3874421,7/7/2023,6/30/2022,7,null,174
898,99-4270874,8/12/2022,11/28/2020,9,null,737
899,44-3297401,2/26/2022,4/27/2022,4,null,858
900,36-9508815,1/17/2020,1/18/2022,1,null,434
901,97-9948646,11/25/2023,3/23/2023,10,null,36
902,59-4485630,1/26/2021,7/6/2020,3,null,674
903,48-6303306,3/20/2021,4/12/2023,10,null,719
904,00-9118977,10/7/2020,11/30/2022,10,null,912
905,59-3048113,8/8/2020,7/14/2021,6,null,57
906,48-9395353,12/5/2022,5/20/2022,1,null,83
907,21-3975235,3/24/2022,2/12/2021,3,null,898
908,38-0768157,1/13/2021,6/8/2022,5,null,300
909,47-0577565,1/23/2021,7/10/2020,1,null,784
910,85-2855819,2/5/2020,5/11/2021,8,null,372
911,43-2185500,10/20/2020,9/13/2022,5,857,332
912,27-6350910,8/27/2022,1/17/2021,3,762,671
913,51-6481435,7/21/2021,10/2/2020,2,null,32
914,96-5839441,4/17/2022,2/4/2023,7,null,199
915,51-6724019,8/4/2021,1/22/2022,2,null,865
916,11-5151244,6/11/2020,1/10/2021,4,null,777
917,12-3123001,12/12/2021,10/17/2023,6,null,75
918,07-5318877,5/17/2021,9/4/2022,3,null,440
919,65-9534641,3/8/2021,11/29/2020,2,null,490
920,38-8780818,4/19/2022,7/19/2022,2,null,844
921,40-8979972,6/10/2020,11/4/2023,6,null,705
922,66-3984509,12/12/2023,7/6/2023,9,null,928
923,87-5769187,7/7/2020,1/6/2022,10,null,486
924,43-9400978,5/18/2021,8/4/2023,7,null,926
925,02-6274945,7/10/2022,9/19/2020,9,null,73
926,95-5612589,1/4/2022,2/12/2023,7,null,222
927,56-8891481,6/18/2023,9/24/2021,2,null,754
928,51-4351188,12/8/2022,11/11/2020,10,null,975
929,13-7458281,3/28/2022,3/14/2023,3,null,102
930,85-3324069,5/24/2022,3/25/2020,5,null,642
931,80-3572187,2/19/2020,3/25/2022,10,null,255
932,69-4280545,11/27/2020,4/4/2023,3,null,873
933,63-3226254,1/10/2020,7/30/2023,10,null,655
934,29-1462339,3/4/2021,11/27/2022,9,null,476
935,49-7570898,12/23/2021,2/20/2022,8,null,734
936,60-9297005,7/7/2021,9/13/2023,4,null,912
937,86-3292859,7/25/2022,8/10/2022,6,null,997
938,19-8178465,1/28/2023,2/6/2020,2,null,672
939,95-4037120,10/24/2021,7/22/2021,9,null,867
940,31-2976563,3/31/2021,5/2/2022,9,null,215
941,86-6692674,8/30/2020,1/28/2021,3,null,517
942,38-1831134,6/1/2022,11/7/2023,9,null,465
943,60-6551088,10/28/2021,6/10/2023,10,null,229
944,13-2818950,3/23/2021,4/18/2023,5,null,333
945,10-1131194,9/23/2023,6/26/2021,2,null,159
946,27-7599409,11/24/2021,6/17/2020,10,null,779
947,68-6869573,8/31/2021,2/17/2023,4,null,263
948,88-6640874,4/2/2022,9/5/2022,5,null,116
949,86-5813445,10/27/2021,10/3/2023,6,null,469
950,78-1778658,11/14/2023,10/3/2021,10,null,980
951,74-6291466,10/20/2020,4/29/2021,3,null,912
952,72-2621779,8/21/2021,8/8/2021,3,null,633
953,90-6995037,2/20/2022,2/10/2020,10,null,183
954,58-2792610,5/2/2021,6/7/2023,7,null,559
955,35-4878249,6/10/2021,12/14/2023,2,null,931
956,28-3339670,3/23/2022,7/7/2023,1,null,213
957,49-6678512,12/21/2023,10/18/2020,7,null,704
958,76-2659552,4/19/2021,5/28/2021,4,null,188
959,58-1145461,2/2/2021,2/21/2021,5,null,780
960,93-7648327,1/11/2023,6/16/2022,6,218,137
961,70-2872551,9/22/2022,1/22/2023,9,null,245
962,37-2118766,12/17/2020,1/10/2023,3,null,922
963,13-1317773,9/8/2021,2/1/2021,7,null,688
964,82-0306378,3/6/2022,12/13/2022,3,null,42
965,13-6286962,2/16/2023,2/12/2022,1,null,276
966,04-7553789,9/15/2022,6/25/2022,4,null,166
967,18-5168867,2/16/2020,6/16/2023,9,null,129
968,19-4578289,11/28/2020,1/29/2023,2,null,387
969,75-3102045,10/28/2020,10/31/2023,10,null,597
970,22-0371509,8/15/2023,7/8/2022,8,null,978
971,56-5274068,6/11/2022,11/15/2023,4,null,173
972,47-3374081,6/7/2022,2/19/2020,6,null,639
973,44-3875348,9/20/2022,6/3/2022,6,null,736
974,13-4234263,3/8/2021,4/1/2020,10,null,421
975,00-5875049,7/5/2022,6/30/2023,5,null,423
976,15-3743920,3/2/2021,8/10/2022,9,null,847
977,43-4932261,6/3/2020,6/11/2023,10,null,777
978,73-3762972,7/3/2021,3/17/2022,10,null,391
979,47-6648458,6/12/2023,3/29/2021,8,null,907
980,24-1845029,12/1/2022,3/13/2022,10,null,503
981,63-3506916,10/11/2022,2/15/2021,9,null,214
982,51-8217194,7/13/2022,3/24/2023,5,null,827
983,00-9930584,5/18/2022,1/9/2023,1,null,129
984,59-5087795,8/18/2023,8/26/2021,8,null,847
985,17-9923006,10/31/2020,2/12/2021,10,null,945
986,60-5721277,12/7/2022,1/12/2023,3,null,699
987,96-3689706,9/1/2023,9/11/2022,4,null,40
988,13-9444383,3/30/2022,10/26/2022,9,null,238
989,78-8732261,7/7/2021,3/24/2021,1,null,220
990,45-0230992,8/23/2023,12/29/2020,6,null,639
991,88-3964430,5/21/2021,4/23/2023,10,null,551
992,32-1857204,12/8/2020,7/25/2020,8,null,777
993,08-2977013,4/7/2023,8/16/2020,1,null,916
994,76-1776602,9/19/2023,5/6/2020,10,null,925
995,41-7438624,10/31/2022,4/6/2023,7,null,527
996,22-3160614,10/28/2022,10/23/2022,10,null,967
997,07-4170482,6/16/2022,9/8/2023,3,null,722
998,44-0731001,8/22/2021,10/12/2022,4,null,585
999,02-0705209,4/15/2022,1/11/2021,10,null,313
1000,61-7990399,4/22/2020,3/4/2021,1,null,688