SensorID,Date,Longitude,Lattitude,Altitude
741,5/31/2021,122.836723,41.985186,190.7
67,11/15/2021,112.2771485,-7.6633857,38.2
91,10/6/2020,113.672784,22.814704,237.2
232,4/11/2021,101.7048008,2.9374756,123.0
176,1/21/2022,-72.5263984,8.7461253,37.2
553,2/6/2022,118.6733461,34.1956019,203.4
947,12/7/2021,119.2972038,26.085124,176.5
29,11/12/2022,24.3394019,57.0684709,43.9
809,1/20/2021,-65.5381671,-25.1042007,155.3
126,9/8/2022,24.9466284,59.4342152,77.2
742,3/15/2020,-71.8230371,-17.1406793,183.5
164,5/12/2023,140.2790754,38.3613687,166.5
568,3/22/2020,24.16667,54.6,160.5
457,6/11/2022,5.5466073,46.6693059,241.5
790,7/16/2022,42.7376717,43.9399539,245.1
728,6/21/2022,-56.6265989,-16.2664706,242.3
127,8/16/2022,-72.7038047,41.7721061,177.1
885,12/21/2022,13.1134915,14.2553505,168.3
808,6/18/2021,121.0226751,14.7258963,226.2
966,3/22/2020,-77.1053673,-12.0582305,178.2
25,8/9/2020,106.79542,29.696195,81.3
618,9/25/2021,34.4530968,-0.5350427,65.4
257,4/16/2020,-68.1435063,47.0203676,123.6
125,12/1/2020,118.626991,28.73733,172.6
859,7/15/2022,114.984292,30.181201,3.6
936,3/27/2022,-35.4562795,-6.8739016,217.5
753,1/12/2023,127.9678652,1.7145909,175.4
310,6/3/2021,32.7160121,26.155061,45.5
220,8/14/2020,77.11814,39.0763,79.8
758,12/7/2022,35.381268,32.965655,210.7
233,6/29/2022,115.667678,25.99296,115.6
435,6/3/2021,121.4106742,14.2813218,135.6
91,9/25/2022,64.7755147,35.91784,84.4
172,5/29/2023,124.268625,8.039166,58.3
862,5/7/2020,106.3282,-6.5675,94.4
23,2/19/2020,30.8190797,-27.4249796,186.4
453,9/23/2020,-8.5893138,41.4472964,108.7
664,12/21/2020,-8.6985716,10.6172827,180.9
150,3/23/2022,115.1092099,-8.5335529,183.6
65,9/25/2021,123.6274,-10.2183,25.7
487,8/28/2022,-56.9914585,5.9411628,105.7
97,7/9/2023,-72.467236,7.453578,70.0
779,8/2/2020,121.990929,12.261245,158.7
619,1/8/2020,21.36667,38.63333,143.9
564,11/19/2023,-49.8004866,-16.0222492,110.9
569,2/14/2023,31.3849652,46.8584087,52.5
838,10/21/2020,-9.1706522,39.2274333,16.3
72,8/26/2022,46.3073161,33.8297993,120.3
171,1/27/2020,121.790282,37.175532,140.9
146,2/2/2023,21.5863577,63.0923534,111.9
337,4/20/2022,121.0702405,14.578621,113.8
612,3/2/2020,111.945844,25.570888,151.3
73,9/8/2022,39.7626791,9.8499058,122.3
929,2/12/2023,-91.8318333,35.20105,200.8
676,1/6/2021,129.4430074,50.1010604,31.6
540,2/11/2020,120.216667,-9.833333,193.1
540,11/22/2021,100.4188073,5.5156762,48.9
658,1/25/2022,34.5583766,0.5695252,142.9
104,4/30/2023,23.5215964,38.0790354,118.8
639,9/19/2020,100.737037,32.934565,44.9
584,9/15/2020,-88.1962133,17.5045661,18.4
247,5/11/2020,-79.4760133,22.5064672,249.3
37,5/8/2021,104.677091,30.108216,4.4
957,12/4/2021,110.040315,27.578926,224.1
662,6/8/2023,117.329247,31.842209,179.2
144,11/4/2020,118.3446,51.55352,178.5
369,9/2/2021,-64.182416,-31.372506,4.2
157,6/2/2022,139.9228567,38.9951183,88.9
938,8/12/2021,114.148724,22.2866176,112.3
597,12/7/2023,104.063249,30.687368,229.9
167,7/27/2023,120.434071,37.355469,189.5
373,3/1/2020,-118.1507494,34.1349887,61.4
717,1/23/2023,-77.069999,-12.0904353,23.4
35,1/24/2021,135.7023712,34.9565646,5.5
1000,9/28/2020,-39.7385835,-14.1349424,227.3
164,5/20/2023,4.4135431,45.4556955,181.9
486,8/23/2023,109.56834,28.425613,134.6
458,11/23/2022,55.8011374,52.7569427,2.0
51,12/24/2022,-123.8161,48.99534,96.0
616,11/22/2020,2.4935416,44.3914666,147.2
162,2/28/2021,111.9000827,-8.0397618,12.2
435,8/28/2022,110.983333,35.604025,40.1
528,5/10/2023,117.087614,36.200252,149.8
220,8/7/2022,-73.5312291,45.3710038,91.4
173,2/3/2021,6.7866433,51.2262018,122.3
201,2/12/2023,106.5112712,-7.196982,215.5
392,7/18/2023,30.9365392,48.4978938,10.2
136,7/10/2023,70.6008375,29.5945152,20.9
498,7/4/2023,14.5480484,5.8901373,116.4
879,9/27/2023,-72.001055,45.5787215,173.6
852,1/1/2021,120.4835109,16.2524136,181.4
488,11/11/2021,1.4739649,45.1433372,226.0
219,4/16/2023,37.2580021,44.9869042,248.8
990,9/9/2021,130.2373477,31.9500532,55.0
703,3/27/2020,-13.19,8.60972,120.4
539,5/27/2023,-63.2194183,9.9785656,40.5
118,1/4/2023,20.1974097,47.1594836,14.2
346,2/3/2021,36.1192307,34.8190348,123.8
362,11/23/2021,19.7859556,41.7683491,110.9
813,2/22/2020,124.5579,-9.6481,124.8
666,6/3/2020,-58.4754013,-34.6261642,48.7
107,11/26/2020,-80.0964415,42.0722039,45.7
928,2/23/2023,8.5226706,8.5060115,233.3
721,11/20/2021,31.4465327,49.2917766,65.6
382,9/8/2020,61.5382494,55.7040901,86.9
76,10/19/2022,8.2894205,47.1666507,215.1
523,12/15/2021,-9.1143068,39.353118,74.3
4,12/5/2023,-57.776161,-17.80257,1.2
914,2/11/2022,42.528294,44.054356,154.2
665,6/7/2022,44.994265,44.3239335,176.4
325,1/13/2022,-62.6089753,-16.9058836,107.5
384,11/8/2020,44.5431306,-19.6971554,160.0
431,6/2/2023,120.3899324,15.988415,50.3
973,11/16/2022,108.9912066,11.5825677,221.7
999,3/24/2022,-90.5279231,14.602493,20.6
837,6/3/2022,112.897464,29.811574,213.1
853,7/20/2023,134.9696,-3.9389,193.9
440,7/21/2020,19.3633201,50.62508,133.8
595,12/15/2022,14.367531,46.259991,128.4
990,2/18/2023,19.3765006,44.7791213,208.9
616,11/9/2023,9.9101915,36.3778012,240.9
30,2/10/2020,35.9642215,32.8335722,161.8
529,8/29/2021,-58.6754654,-34.8512671,71.4
830,3/19/2021,-60.6949244,-32.9395437,171.4
672,7/10/2020,108.7838572,15.0026852,34.5
562,4/17/2021,-8.8661993,39.1762837,202.7
268,8/2/2023,130.297964,47.349916,61.3
668,7/14/2022,86.3,28,216.1
896,4/14/2020,-1.4631269,53.3326454,100.4
926,10/11/2020,33.3646929,46.6522568,219.2
494,1/12/2022,105.759939,24.348365,199.2
372,8/14/2020,20.3179338,50.2160221,232.9
130,3/5/2020,104.6471221,-5.4736254,22.2
641,6/6/2020,106.1698563,-6.1869527,227.5
773,10/27/2021,-72.769402,-15.14503,120.0
812,2/24/2021,48.3464426,-21.2245142,48.9
892,1/7/2021,0.098598,48.4339701,78.3
783,5/10/2023,-0.3907558,49.1931313,96.4
255,3/18/2021,-70.903207,45.588882,161.3
656,10/20/2022,87.546299,53.109084,152.1
8,10/23/2022,122.3115616,11.5012022,107.0
502,4/10/2023,122.8833313,13.6333332,75.2
701,9/15/2021,14.0267172,56.3825759,157.7
869,4/25/2023,-102.1943485,17.9567646,162.2
560,9/19/2020,-77.3270581,-10.4571094,1.1
470,8/14/2022,100.3497895,36.7599029,99.1
962,9/23/2023,99.197234,30.577776,132.8
19,4/28/2023,124.8441178,1.4745288,227.4
479,6/10/2020,140.276147,-6.080007,226.8
135,9/23/2021,17.9687559,59.3586958,61.5
585,2/22/2020,-79.1040432,43.1315785,239.2
846,3/15/2020,48.516388,15.552727,10.9
588,7/27/2022,-58.5146668,-34.6824081,239.6
839,9/10/2023,119.597896,31.723247,245.1
957,12/2/2020,-88.7812586,14.8925962,7.6
737,10/6/2021,101.3431058,24.4752847,48.4
642,11/2/2023,-77.3780201,0.0162131,199.5
558,8/24/2021,31.4656904,31.2385954,191.2
406,9/23/2022,127.0051893,37.5599805,58.1
712,4/10/2021,106.8296372,-6.8435796,124.5
703,9/13/2020,46.7164256,-16.4708895,22.8
162,6/13/2020,21.83333,38.26667,97.8
305,8/16/2022,100.267638,25.606486,48.8
249,6/6/2023,-99.0165468,19.2558715,69.3
928,2/12/2023,116.3220944,39.8314629,193.1
280,4/20/2022,119.727073,27.300683,233.0
338,8/9/2023,117.509921,37.489877,55.1
713,11/10/2022,110.9655659,-7.6095457,39.6
811,1/28/2022,106.9054618,-6.1604549,112.4
222,3/28/2022,99.1566855,3.3262879,7.5
400,12/25/2022,-57.6201482,-37.9599734,137.3
469,5/27/2020,29.9049684,50.0637682,131.0
830,7/6/2021,22.5415237,40.4989376,172.6
469,4/13/2020,17.6205874,59.8637584,146.9
652,10/23/2021,-7.269174,55.0650892,78.1
567,8/20/2023,13.6276849,51.085544,215.5
871,11/26/2020,-8.5341147,41.1693186,230.8
968,10/14/2020,4.131084,43.6793979,127.8
597,8/7/2023,23.1069244,63.1507161,83.8
548,10/23/2020,-47.3951378,-22.2090755,234.4
55,8/2/2023,120.2642533,-9.6455051,34.7
724,5/6/2023,113.8019562,-7.0428799,95.9
100,4/23/2021,23.7900853,38.3208398,152.3
873,4/28/2022,-96,36.15,10.2
163,8/11/2021,11.1164452,9.8513884,53.9
742,8/24/2021,103.575676,37.515114,73.6
723,6/29/2021,14.39889,35.89333,229.1
458,5/30/2022,-7.8993756,40.5420665,88.6
443,9/11/2022,-70.5160813,-3.9107889,1.3
869,10/12/2021,15.55039,53.43606,212.8
236,11/30/2023,12.5097274,41.8977003,145.0
933,3/23/2021,114.4046814,23.0878573,209.8
83,8/5/2021,11.9253004,57.6455018,181.8
522,7/25/2023,7.0075837,49.2088164,123.1
100,10/6/2021,50.991078,53.2692817,217.1
430,12/14/2020,106.630153,26.647661,96.5
388,2/27/2021,17.917129,59.4060153,22.5
725,1/12/2022,106.71167,21.3971282,54.3
172,11/3/2022,17.4588131,-20.5907049,203.3
849,2/14/2021,109.592921,27.950753,153.1
730,3/20/2020,113.609286,33.437877,102.1
371,8/30/2020,19.4422717,42.3593277,63.2
536,3/12/2022,14.50306,35.84917,119.2
892,1/21/2023,32.2313539,-2.8850378,86.1
403,7/8/2020,48.2506985,56.3153167,43.7
291,11/25/2023,113.121435,23.021478,232.8
804,7/11/2022,100.1927389,8.287423,118.2
190,10/23/2020,113.1149933,29.3728871,158.3
675,4/20/2021,14.3171319,45.8131644,84.2
393,11/7/2023,123.8501765,9.6356686,94.7
547,3/13/2021,103.393389,22.4033272,21.7
422,3/22/2023,9.3506604,7.5060948,33.3
100,11/30/2022,18.6875465,53.2954476,73.1
206,11/15/2020,16.5805056,-18.3604041,152.4
640,1/18/2020,-92.047026,15.1543718,237.8
2,4/28/2022,28.4032167,63.0331454,172.0
445,10/4/2020,31.9945829,46.975033,96.4
766,3/28/2020,-73.9764283,45.0934491,70.0
330,3/30/2021,108.8076195,23.7247599,187.6
596,9/4/2023,-79.88468,-5.1031698,162.7
194,1/13/2022,117.861851,36.494701,230.0
954,5/15/2021,98.6160674,17.0597577,209.6
598,7/27/2023,10.5915072,35.886399,176.5
163,6/15/2020,85.5097226,27.5828698,151.1
450,1/16/2023,69.666667,34.433333,213.8
574,4/22/2020,31.193945,-10.2290555,234.3
611,4/23/2022,44.27622,16.90641,56.9
564,1/27/2020,37.2339179,56.0388248,58.3
962,12/10/2020,145.859323,-6.2899253,65.0
230,1/3/2020,-81.38,28.54,247.2
902,6/5/2021,22.5310674,44.2288747,73.4
824,9/20/2022,104.6995991,-4.5286385,225.6
617,5/14/2023,23.8707783,38.1261246,67.8
144,12/25/2022,107.601407,-6.846562,211.0
518,2/15/2023,100.8120563,13.1561057,241.1
514,1/8/2023,119.17189,27.603696,34.7
179,11/24/2023,38.1047909,48.873935,89.5
435,10/24/2022,46.6463975,-16.1073563,93.0
440,3/13/2021,-48.4939886,-27.5918875,6.9
4,4/12/2022,-56.7075141,-34.3486042,21.5
834,7/11/2020,16.3732686,59.4084121,61.8
346,7/8/2021,100.0795741,14.5466721,164.4
913,9/19/2023,106.810463,-6.226676,53.4
423,10/28/2021,2.5070548,48.8348801,196.0
365,10/15/2022,113.88102,33.80982,111.6
17,6/19/2020,-90.357,14.6698,45.4
430,5/16/2022,103.847692,1.283678,224.7
930,8/30/2023,118.122323,37.691429,174.9
555,4/28/2021,-71.3646236,10.2621857,198.4
935,9/16/2020,100.4424658,14.4980456,87.5
732,10/2/2020,23.6611306,49.7821352,39.0
744,7/15/2020,106.8502879,-6.5211331,232.2
155,7/1/2021,22.3433482,48.6541216,85.4
1,9/28/2021,121.3602832,31.244331,49.2
442,3/17/2021,110.084789,34.477861,154.5
252,5/15/2020,9.5617847,4.4942318,5.1
979,4/7/2023,-99.5485736,18.3381615,30.9
94,9/22/2020,-71.3824374,-8.2132323,170.4
194,7/6/2021,47.5970197,42.610438,157.8
272,11/16/2021,120.4674034,15.9769657,242.0
962,7/1/2023,29.2775676,61.8628073,114.5
876,10/17/2020,-1.5196603,12.3714277,138.8
343,12/9/2020,111.8479156,-7.1234674,193.2
820,6/27/2021,18.468024,49.6823404,227.8
617,4/20/2023,115.029215,35.761829,152.0
253,9/9/2023,-8.6888467,39.6352297,236.3
893,5/25/2021,19.5308953,51.4798767,60.6
820,1/17/2021,124.5500146,-9.487325,202.8
279,12/2/2021,-53.758612,-25.6200963,157.3
904,10/29/2021,-35.148879,-7.4443035,134.6
454,10/22/2021,-7.1696011,41.0378199,170.6
281,1/3/2023,20.84891,64.191835,215.9
822,9/24/2021,-102.1943485,17.9567646,20.8
799,5/24/2021,110.040315,27.578926,6.1
464,2/21/2021,4.77996,45.39771,187.9
316,6/28/2020,120.1069594,-10.1379744,225.6
603,4/6/2021,-63.2282569,17.6416172,182.8
456,3/8/2022,24.5221952,48.8334498,158.2
812,5/22/2022,40.5178014,-12.9732026,184.5
707,12/1/2023,128.3445734,36.119485,214.1
376,11/26/2021,127.016667,34.65,91.8
625,7/30/2023,123.0648331,-8.301579,21.1
836,8/4/2021,21.54997,41.90978,152.3
143,11/11/2023,16.5730485,49.981736,135.2
285,6/6/2021,113.884019,22.555259,241.9
345,5/4/2023,-51.2003761,-29.0303854,29.3
662,5/31/2022,-86.8107363,13.634726,152.7
171,2/2/2022,14.4728422,50.7736289,32.7
776,6/30/2021,-66.1415263,-2.4681009,225.9
803,9/22/2020,124.4870869,6.0593972,145.3
505,8/4/2023,106.8254167,47.9644609,96.6
965,2/4/2021,120.5244987,16.1391267,42.5
122,2/14/2022,139.2013381,37.8996732,121.9
596,10/17/2021,119.219734,36.77549,129.1
46,5/11/2020,-0.2050566,51.4255297,189.3
652,6/2/2020,96.8217017,-12.1450486,230.4
198,2/2/2022,59.8158991,53.5199891,43.2
957,8/21/2020,1.3342086,43.6036545,160.1
237,8/24/2023,115.2027279,-8.5403989,242.3
606,7/25/2023,83.9124232,53.4004864,31.4
964,4/22/2022,127.528293,50.245129,51.8
685,8/16/2020,119.944048,31.825073,26.9
658,4/2/2023,115.496651,39.437477,109.9
885,8/2/2023,23.12379,50.15621,151.2
335,7/21/2023,104.1040204,15.678696,149.0
676,7/25/2021,127.4241436,37.7404063,91.3
311,8/15/2023,43.2811579,33.4352789,132.9
251,4/11/2020,106.3684552,-6.2434505,62.0
995,7/11/2021,9.1257661,45.4560254,245.1
646,12/9/2020,-75.62382,-11.81781,171.6
80,3/12/2023,-67.916667,47.216667,49.1
109,8/27/2020,115.2576575,-8.675462,97.3
561,12/17/2022,-78.9712451,22.1461138,151.8
378,2/16/2023,121.0628238,14.631218,153.3
867,10/10/2022,38.491586,44.8534496,14.8
632,8/28/2023,107.5764046,-6.9095295,129.0
164,6/21/2021,111.350842,35.72154,239.4
966,6/10/2020,27.7917874,47.2262024,248.4
196,2/10/2022,116.449839,35.26364,223.0
897,12/1/2022,124.5403,-8.1654,138.7
531,5/7/2021,175.2102748,-38.1854517,228.3
857,2/18/2022,101.2451095,16.7733926,129.5
417,1/9/2021,-64.1565402,-31.4531985,218.4
819,9/17/2022,-88.3506468,13.5353957,65.7
631,4/7/2021,22.5406929,40.9862518,0.5
258,10/7/2023,107.8826,-7.6965,113.6
844,7/12/2020,108.958759,31.866274,167.3
692,6/27/2020,-2.941678,52.753093,125.2
296,7/31/2022,-9.4472984,38.7255705,28.2
175,4/15/2021,117.032171,36.7821,129.9
44,7/3/2023,69.0165511,38.560256,29.0
282,9/5/2023,121.834345,17.263531,132.5
317,3/14/2021,18.5422141,45.3613644,219.2
94,6/10/2020,-6.590926,53.1936864,25.6
999,4/15/2021,20.8418962,52.1412597,53.8
205,11/28/2022,130.274684,47.31878,187.3
220,1/21/2022,12.882661,56.2369096,62.9
386,1/26/2022,118.099562,4.363324,189.7
470,3/27/2021,117.0323305,-0.7048801,168.3
226,8/19/2023,18.9709477,54.2207765,213.3
220,10/28/2020,-87.16535,13.7583256,106.5
632,6/17/2022,106.797267,-6.308084,160.4
635,3/2/2022,-73.9681265,40.7608571,174.0
933,3/8/2023,110.88907,37.429832,217.6
741,7/16/2022,19.710237,49.5904912,79.9
969,2/17/2022,118.698572,25.109249,167.1
391,4/3/2021,17.164335,49.1063903,51.2
796,11/23/2022,-37.119659,-9.113585,248.7
836,12/5/2022,4.9656113,11.5471456,157.6
72,1/1/2022,-84.2953464,33.7746886,101.8
533,7/12/2023,17.9194558,53.9024585,169.2
446,6/26/2022,14.6607051,50.1336212,10.1
948,7/10/2023,-34.8450118,-7.1194958,103.6
638,11/28/2022,27.5143603,-21.1661005,98.0
830,11/1/2022,12.898467,57.7516519,207.5
494,6/15/2020,3.3651417,49.8990161,198.8
80,6/6/2022,-8.2082378,41.1241415,152.1
329,7/19/2020,-43.058341,-18.6248754,223.0
379,8/10/2022,22.4989768,40.229627,21.7
443,9/2/2021,98.057241,4.427369,235.8
362,4/7/2022,117.54141,43.258497,49.7
141,9/12/2022,-40.2721884,-20.2197867,71.1
717,9/21/2020,-113.5832367,52.675914,115.5
888,10/22/2023,19.7526658,51.2109898,69.2
755,10/8/2020,111.9671537,-6.7905128,100.6
225,6/18/2021,116.317558,39.975999,14.7
460,7/14/2023,-98.4801308,29.4418162,171.0
70,1/11/2022,-80.5494007,43.4714875,230.4
125,6/8/2022,-0.5046003,43.884893,107.3
15,6/10/2022,-120.8204617,37.0594675,230.9
627,11/4/2023,115.1682089,-8.5413769,199.3
321,11/27/2022,-9.5003786,52.4458588,241.9
732,7/13/2020,70.9359277,51.9956496,129.7
687,12/15/2022,120.085146,31.919897,190.2
765,5/15/2021,119.659553,31.031933,232.7
930,11/19/2023,119.004816,32.667571,77.9
293,5/13/2021,22.0339385,49.9638636,89.1
363,12/8/2023,-95.9964783,36.1592882,62.9
476,11/5/2020,151.2092955,-33.8688197,210.8
132,7/20/2021,-8.4661017,40.8253148,249.5
360,10/31/2020,106.65627,29.999504,13.6
525,1/18/2021,20.6793311,41.1735327,1.1
516,5/8/2023,47.1321204,42.7997781,16.1
587,8/23/2023,-78.5339632,-5.6371803,217.5
894,8/7/2021,108.7927679,-7.0636577,145.5
371,4/14/2022,119.004816,32.667571,225.0
666,2/24/2023,-75.6789905,5.0549877,124.6
693,1/22/2023,108.904706,24.777412,80.1
8,8/16/2022,110.8243272,-7.5754887,74.6
601,9/6/2020,108.945019,34.897887,66.3
257,7/11/2022,8.8107219,50.0809432,65.1
331,4/22/2021,-0.2338473,5.6562651,111.2
739,1/30/2021,38.956757,45.5946392,83.5
733,3/20/2022,102.579531,17.8895907,115.4
265,8/26/2022,25.5341339,65.2012319,236.0
62,3/8/2023,90.7493663,22.3897318,128.1
180,8/19/2023,103.3421371,15.6338588,48.1
376,11/23/2021,13.2297698,49.1449758,36.5
685,2/28/2020,117.0361834,36.5995041,223.8
299,1/27/2023,50.9810377,32.2704607,85.4
579,9/6/2020,-77.2807423,20.2281486,38.7
178,10/29/2021,-78.1153707,-2.3062241,54.7
177,8/23/2020,108.0382475,12.6661944,61.3
761,4/3/2020,124.253569,7.467576,72.2
240,2/6/2020,114.765412,25.66145,17.0
227,9/17/2022,25.3449259,48.3583839,236.6
648,11/2/2021,120.390932,29.176523,140.4
123,4/8/2020,106.5153134,-6.2265897,7.1
525,12/15/2022,100.3976471,13.657613,8.8
658,8/12/2022,63.5639414,61.3602942,77.0
439,4/7/2022,108.249509,31.364902,50.6
299,8/2/2020,33.10753,57.14667,23.7
365,6/23/2020,36.3023941,33.4644365,38.2
183,6/15/2022,-72.068265,-45.5712254,101.2
850,11/7/2022,7.8107621,47.9963155,26.4
315,4/16/2022,122.5655726,10.6936663,216.4
76,1/19/2020,47.8180515,52.018944,204.5
922,10/2/2023,-79.5139718,-7.1916713,152.9
675,10/15/2020,-67.2412221,45.9891389,189.1
431,8/19/2023,-0.8494862,47.0682122,222.3
337,7/20/2023,-80.6720617,28.2123183,15.2
785,1/11/2022,19.4690444,40.6230031,200.6
388,9/6/2022,-8.3593779,41.1690927,61.1
924,10/22/2021,49.7198694,52.6653765,20.1
915,11/2/2023,20.9713986,42.009313,74.3
112,6/25/2022,6.9450818,52.2051033,53.0
56,2/20/2022,4.9656113,11.5471456,75.6
470,11/1/2022,-7.8548033,40.3464743,79.3
738,8/20/2023,112.734174,38.416663,242.9
953,8/15/2023,18.1872242,50.4305778,229.9
427,5/9/2022,-115.07,36.1,135.3
990,5/17/2020,21.9907815,53.0382065,39.5
683,2/16/2020,-75.8185314,5.4238154,191.7
74,12/31/2020,116.8776192,-1.2088413,170.2
122,8/1/2020,121.0112199,14.6347254,130.3
399,6/29/2020,14.45415,35.90414,23.3
252,10/9/2022,-4.7588042,10.6400163,76.0
735,8/12/2023,24.75,55.96667,94.9
300,1/12/2022,114.346251,22.691253,37.6
407,2/6/2022,-0.3696612,43.2916776,25.4
368,5/7/2021,43.8548861,49.4774391,209.1
778,6/19/2020,39.8560057,54.6192996,38.2
655,9/2/2023,97.6439611,16.875913,32.7
392,4/4/2023,-8.4028972,41.4069416,44.8
393,5/26/2023,105.613174,27.141681,92.3
572,9/6/2022,-84.0960056,39.6720868,38.6
446,1/26/2020,100.222545,26.641315,214.1
11,7/17/2020,112.340495,39.289991,238.9
439,5/25/2020,37.9590427,55.1220513,160.1
924,7/16/2022,-118.249786,34.0599302,196.0
427,11/2/2023,103.93935,22.529403,57.1
713,11/17/2023,-86.8722146,36.1030036,240.0
189,1/7/2023,113.916509,22.483182,85.7
465,2/1/2020,116.754472,25.710538,213.8
660,3/29/2020,120.1907996,15.9448806,137.3
848,10/7/2023,120.7213113,13.0748879,200.0
780,5/15/2022,19.8901427,-11.7714258,55.0
621,4/20/2023,121.0253575,14.8974128,129.3
906,6/30/2021,9.4283801,35.2686888,89.7
74,4/4/2023,16.667577,51.7864657,231.5
230,8/21/2021,30.4577808,60.2653316,223.7
760,12/8/2020,110.3592495,-7.8100327,210.8
960,2/24/2023,10.7492466,36.4626965,162.0
785,6/13/2021,107.8346924,11.5731051,152.4
888,8/24/2021,-8.4602494,38.5994652,147.2
380,6/26/2020,1.7811783,43.974344,63.7
952,4/16/2020,19.181814,51.7788594,154.8
762,9/14/2020,112.7032945,-7.9675395,33.0
761,6/11/2022,-76.8798693,40.2617721,56.5
88,5/19/2023,-72.7038047,-37.8060734,115.8
413,6/6/2020,-8.6434885,41.5533401,195.0
910,2/10/2022,-8.5462218,40.7063972,81.5
974,8/23/2020,20.4744696,45.4352011,58.4
904,5/25/2021,-75.282299,6.724917,219.5
400,10/26/2020,13.8214707,49.275632,66.7
889,10/30/2021,112.7330892,-7.5145399,240.1
838,8/6/2021,127.6785226,51.9980805,242.8
643,3/28/2020,20.9063169,49.8530897,20.7
120,3/9/2021,21.8173884,56.0372083,145.3
265,7/5/2022,-69.9299089,18.4885697,230.9
672,5/21/2021,65.3208664,55.4420395,165.2
103,12/17/2020,35.03416,32.20125,202.3
397,2/10/2021,112.0029243,-8.2659112,185.9
235,7/23/2021,95.4201377,4.8666221,136.9
670,6/27/2023,30.990449,54.2825201,176.8
778,11/14/2023,20.6471688,38.2514148,100.1
783,1/15/2023,89.5403279,22.845641,245.2
394,8/25/2021,111.862117,39.105787,46.3
467,10/25/2020,37.0181437,48.9014667,76.6
837,8/14/2020,85.45172,46.80381,42.7
500,8/18/2022,-88.9389921,13.5096503,104.7
319,10/6/2021,30.635,12.72486,82.6
344,9/13/2022,139.1386824,36.3046238,54.6
806,8/10/2021,121.231805,28.13593,244.9
729,2/23/2020,34.4752715,-1.0706976,191.1
498,11/13/2020,6.9490955,6.7866898,73.5
449,8/4/2023,-61.3297698,15.5805384,17.8
52,6/15/2021,108.223612,27.513829,70.3
580,6/14/2022,29.3753657,45.6429121,132.6
124,9/20/2021,113.293359,22.80524,93.4
376,10/4/2023,123.0424788,13.6315513,157.4
95,2/10/2023,111.9149875,-7.3058984,119.3
414,12/18/2020,45.7420648,43.1227567,221.5
302,7/13/2022,17.5857567,49.5271178,19.9
924,10/14/2023,-74.915036,10.796589,97.3
394,6/11/2021,102.1175404,17.7177253,24.2
672,10/14/2021,13.6492904,52.416925,177.7
371,2/16/2020,15.7601242,50.2553167,65.9
551,8/5/2022,123.52481,40.174881,205.7
43,2/28/2022,15.1849486,51.1259587,101.7
401,6/13/2020,105.2545888,23.0029267,225.2
923,12/14/2021,116.5226451,-8.694019,119.3
620,10/30/2022,101.3431058,24.4752847,9.2
325,2/14/2021,18.2727658,44.7416079,244.2
917,12/25/2020,11.0332618,45.4934392,189.0
670,5/12/2023,-7.8262205,40.9970971,176.0
471,4/13/2021,-72.4541343,-38.5084312,58.7
999,7/29/2023,12.9929582,56.2507818,17.2
225,3/14/2020,114.3787108,-8.2334215,31.7
251,11/10/2020,116.8085683,-8.6450837,13.6
957,3/25/2023,-42.4528138,-21.5320586,106.3
583,5/13/2022,118.809786,32.26101,139.8
59,1/20/2020,120.9522977,13.9300945,188.3
17,4/21/2023,111.431315,-6.9826515,216.0
674,11/25/2020,-75.4111644,5.0792613,86.6
174,4/20/2021,17.2848785,48.9486344,57.8
652,7/27/2020,-52.4134746,-25.4079504,172.1
464,2/20/2020,-7.6589255,37.6410379,232.3
347,8/5/2020,-61.495357,10.6485481,239.8
334,8/15/2020,-64.1257463,-31.4411018,232.9
940,10/8/2022,110.3249238,-7.7929433,157.6
109,6/2/2021,122.5167,-4.9333,125.6
863,3/20/2023,-8.1457625,39.6758453,7.4
322,8/27/2022,23.6456444,49.2334774,31.5
216,8/10/2020,108.925428,41.561877,58.7
468,11/11/2023,15.3137401,56.2270517,32.8
375,4/8/2022,-64.1467066,-31.4149049,15.1
338,11/12/2022,106.8448686,-7.040572,67.5
768,5/2/2020,4.1872178,7.6292088,190.5
87,4/24/2020,10.8536132,36.728017,62.7
949,12/13/2020,117.1235339,-8.3997551,24.3
592,8/12/2020,96.543937,40.531867,107.0
789,9/6/2023,154.9416667,3.8458333,119.2
391,7/17/2021,-6.7449927,53.1310185,161.3
213,9/30/2023,6.1434201,9.0568265,169.6
244,11/12/2021,130.3267278,31.2840967,219.0
91,12/21/2021,-91.7490143,41.9906493,240.6
279,3/2/2021,145.859323,-6.2899253,193.6
133,8/9/2020,36.0621579,32.7324624,169.3
291,11/25/2021,-8.6185446,41.0433484,84.9
345,4/8/2023,121.834345,17.263531,214.6
714,6/14/2023,-40.1868956,-10.459783,75.5
561,8/12/2021,108.6442835,-7.5180957,5.2
906,8/28/2023,5.3520876,13.717481,164.7
612,4/18/2020,113.61285,34.748256,14.5
636,5/30/2022,-37.7662816,-7.4652278,111.2
846,10/19/2023,26.365315,59.3465821,196.3
227,7/4/2020,119.5738403,31.9617032,233.8
928,10/31/2020,103.652859,1.4190683,86.9
5,10/14/2023,108.767747,28.841244,206.1
467,8/5/2021,-51.1376317,-22.1468812,248.2
499,11/16/2022,122.5666402,11.2328036,35.1
240,2/13/2023,-56.0166377,-27.097026,223.2
401,9/6/2022,115.3459831,-8.4164207,20.8
362,3/8/2021,100.5633655,13.8198099,162.4
969,11/28/2021,117.7841666,27.8608333,99.4
181,9/18/2020,116.619923,26.048803,16.6
74,7/13/2020,138.7970925,37.7378509,0.6
898,1/23/2023,21.4322091,44.0970463,100.2
392,9/24/2022,112.7011258,-8.1924285,223.6
859,10/2/2021,83.6056675,55.3040194,235.5
311,10/1/2021,129.3113596,35.5383773,59.1
452,9/17/2020,-8.9903196,38.7099688,19.9
8,10/5/2020,-8.4627451,54.25645,115.8
799,7/5/2021,-73.54213,-14.19396,233.4
5,8/28/2022,4.3399875,51.9998397,112.0
713,9/17/2021,29.2092738,49.1040007,213.4
737,12/28/2023,121.050452,14.7299584,156.2
100,10/7/2023,34.915084,44.829819,136.1
850,11/23/2023,91.5523435,27.3325014,16.1
537,3/19/2020,24.4054988,53.2833165,177.9
675,2/5/2020,130.785523,33.3457623,16.7
184,4/22/2021,33.9366442,47.1634031,24.7
362,2/1/2022,85.9406745,26.7271466,12.1
561,5/13/2020,-77.0136483,38.8920292,64.6
518,1/17/2023,51.3968437,25.4695749,35.9
793,1/6/2023,1.4096535,18.4520713,162.8
300,3/21/2023,-77.404109,6.223561,178.8
570,10/17/2023,111.4067217,-6.8217678,98.2
235,7/13/2021,121.8306397,-8.759734,200.9
216,8/18/2023,62.8101616,61.2067486,29.0
149,1/22/2020,122.9287931,-8.188844,8.6
358,7/25/2022,13.2348803,55.4024162,149.2
401,2/23/2021,118.8310811,24.9848125,172.7
570,7/6/2021,11.9388513,57.6893251,105.1
893,4/20/2023,83.142888,49.4753404,115.6
344,2/4/2021,112.673499,-8.403309,38.7
920,3/9/2022,98.43503,25.387227,171.8
634,11/7/2020,121.3666687,12.7166672,168.8
679,2/8/2020,35.2382519,51.807911,27.2
993,9/11/2021,37.902732,56.178249,99.5
185,10/11/2020,-9.3300248,38.7063132,192.4
860,12/12/2022,111.7018452,-8.2702492,60.4
510,8/26/2020,116.328689,39.7898,215.6
969,9/22/2023,-8.2869478,39.2122525,193.6
367,1/24/2020,43.27806,-11.82167,40.2
288,7/28/2023,120.548897,-10.22485,135.0
55,8/6/2022,120.7622529,14.8700544,86.0
993,5/2/2020,111.6180705,21.744605,215.3
780,2/18/2020,-75.2809001,2.9344837,43.3
558,10/20/2023,103.498609,34.675197,32.1
18,11/13/2022,110.1584347,-7.3064311,59.2
818,10/21/2020,31.1824925,-26.400429,5.5
837,2/6/2023,108.2881709,-7.5957387,56.6
559,7/28/2022,121.4748751,31.2348663,85.5
107,11/5/2020,4.8265786,46.2993504,85.1
419,5/6/2023,106.3287199,22.8533627,39.5
295,2/12/2021,36.6157524,54.2107161,93.7
942,9/14/2022,106.0463837,-6.669221,0.1
289,6/25/2022,-70.6351119,-33.5329865,200.9
904,9/1/2021,102.9435536,-1.5200027,100.6
901,9/12/2020,98.8942082,3.5005598,61.4
270,10/17/2022,126.065213,9.939624,207.3
730,8/4/2020,119.420836,29.980362,164.2
37,12/13/2023,34.152126,53.6182497,43.3
712,6/29/2021,62.5910092,54.3191956,40.5
770,11/2/2022,-76.5697075,39.2957066,77.1
945,2/16/2023,35.28152,32.00018,34.6
482,5/22/2021,112.6972845,-7.4632593,54.4
677,6/24/2022,20.2078344,45.2303117,56.1
480,1/24/2022,116.1713917,-8.4114856,186.5
859,5/16/2023,5.3698187,43.4931556,23.9
649,5/29/2022,131.4937793,32.0550488,234.4
893,5/17/2021,-78.720695,-6.4301048,55.1
779,12/22/2021,108.7897976,-7.6487545,98.4
214,2/10/2022,-65.2844271,-24.1955744,55.8
617,9/23/2020,38.4271461,9.7986027,199.3
4,7/18/2020,121.261886,28.650072,100.8
538,1/27/2022,39.2331589,55.6967262,54.8
217,9/10/2022,42.031986,47.537724,1.4
477,6/25/2023,7.1492431,43.6777677,2.0
564,7/10/2022,-16.8621088,32.6455862,108.2
49,11/9/2021,7.4171811,43.7359241,60.3
610,11/11/2022,45.5357156,43.1298714,50.4
727,2/4/2021,10.4024274,63.4400274,212.9
47,2/11/2022,-46.8446611,-23.372338,105.4
15,2/11/2021,117.134151,40.284979,192.2
160,4/15/2020,138.1070786,37.1143427,187.8
535,7/22/2020,-1.3699309,48.690168,96.9
893,5/27/2022,31.1578769,30.5651672,196.4
902,10/18/2022,117.167563,32.478018,119.1
762,12/10/2022,60.8841983,29.451926,224.8
264,3/20/2022,-16.6409198,13.2747943,158.0
153,10/29/2022,44.40047,-12.1695811,144.8
665,9/22/2023,25.5897031,-24.7711226,210.2
184,7/20/2021,107.014924,31.800198,228.6
775,10/26/2021,-8.3119724,41.632769,41.4
424,4/29/2023,-79.2420766,-6.9592677,233.9
626,8/24/2020,128.6320086,-3.5508343,7.1
422,9/7/2023,-74.755272,10.74044,62.4
707,1/27/2020,124.5716112,8.2545666,118.1
286,10/6/2023,-0.3889622,39.5013158,211.0
477,11/23/2022,32.7160121,26.155061,247.6
173,5/18/2022,-106.76792,52.33339,166.9
32,11/5/2020,-91.7270911,14.5975238,18.4
242,6/10/2020,6.1781675,49.5872019,217.2
885,5/29/2020,6.9103455,6.0105192,10.4
430,1/30/2023,-79.5198696,8.9823792,219.4
41,7/24/2020,113.7216313,-8.0038635,1.8
310,10/16/2021,-121.49,38.58,233.7
794,8/5/2022,0.1924459,47.9956173,194.4
391,2/11/2020,-95.9964783,36.1592882,123.6
517,11/21/2021,124.80222,8.77528,91.9
857,2/4/2020,19.46436,50.614436,63.8
264,6/13/2020,20.8195292,32.4982249,160.0
579,10/18/2023,124.5736702,8.5213374,118.7
56,5/1/2021,121.0190818,14.5697429,180.3
461,8/11/2020,15.0399999,59.228056,96.8
283,7/31/2020,-83.7053072,9.3756584,2.0
731,10/24/2022,-73.3384471,9.5608923,109.1
655,11/19/2022,111.6556388,-7.5450262,239.2
2,11/24/2021,106.912251,29.4315861,151.0
236,11/19/2022,48.18278,15.59861,112.9
178,7/7/2020,21.9202642,37.0038961,114.7
884,8/3/2023,10.4562219,59.3120256,117.6
631,11/9/2021,108.2288552,-7.3497666,54.3
860,6/19/2023,34.2747004,-0.0998238,215.7
943,8/13/2023,-9.1143068,39.353118,54.9
598,5/19/2020,-6.8672668,41.0463282,142.6
521,2/17/2022,119.320063,31.784791,11.0
750,7/23/2020,18.5510673,50.6906104,86.4
436,4/18/2022,-1.6226538,14.1005099,211.5
380,2/16/2020,117.194396,28.701403,174.1
482,3/13/2021,39.0988859,52.1957118,167.8
637,1/15/2023,1.206057,47.6632745,14.0
832,5/20/2021,-3.7371617,40.3111887,210.2
232,7/20/2021,36.0621579,32.7324624,157.8
300,11/9/2020,-9.342559,39.3221782,13.9
688,11/1/2023,106.8430596,-6.1856385,247.0
667,10/23/2023,100.721884,22.62097,195.4
352,11/12/2022,-73.3436918,45.5257774,178.3
364,8/9/2020,126.562274,43.821601,192.5
672,9/3/2021,115.7101789,-2.2527615,12.9
675,8/9/2022,112.141238,27.432184,120.0
639,1/24/2020,122.6968025,11.1673823,218.5
338,6/3/2021,-76.5257007,-12.8010669,88.9
895,8/22/2021,-0.4198187,45.5733817,223.1
321,12/20/2023,118.341965,25.555534,39.0
231,7/25/2021,101.7178316,3.1523104,222.9
397,9/2/2020,115.239098,-2.416604,77.9
838,5/13/2023,18.3229434,59.4953899,56.2
446,11/12/2021,-172.5165543,-8.5335451,43.4
473,4/18/2022,113.081508,22.579117,149.4
836,5/1/2021,-51.1110523,-20.6436652,248.0
548,12/30/2023,-16.978243,32.6717749,117.2
321,3/20/2020,124.0005,10.425,0.5
755,7/24/2022,122.8333359,10.5333328,52.1
487,2/21/2020,112.132488,34.728584,197.5
470,10/9/2022,-50.4178973,-26.9655922,32.3
591,1/5/2021,0.1639479,49.476996,63.6
83,8/25/2021,113.7136,-7.0609,225.0
370,8/3/2023,-58.7992473,-34.4489078,222.5
64,11/1/2020,-75.635595,4.616094,124.5
302,7/24/2021,-47.3139886,-22.9524249,81.3
360,7/17/2020,24.2784263,48.4703688,57.8
64,4/3/2022,112.896606,23.156045,122.7
947,4/27/2022,22.8528812,51.4938767,221.7
13,4/4/2020,40.6845699,58.3605655,113.1
671,3/22/2020,9.8236533,10.3009641,166.0
531,2/1/2020,108.6747,-7.5208,54.6
507,10/20/2020,117.229368,32.840217,29.6
515,12/24/2021,-97.3317391,37.8010824,139.5
8,7/7/2021,122.8333,-8.0989,55.2
122,9/21/2021,2.511999,43.7441795,20.6
583,7/29/2023,93.850039,29.795049,193.1
709,7/6/2020,26.0472266,62.6571846,220.9
671,3/18/2023,18.7471205,54.0083923,234.6
849,1/10/2021,127.2796786,37.0079695,81.6
933,5/6/2021,119.5606,-9.4033,117.9
728,1/15/2023,-65.180261,-31.946337,242.3
612,10/13/2021,120.3391924,16.6921704,170.7
179,5/28/2023,17.4368205,62.5262505,156.6
769,9/16/2022,128.0660957,42.0107787,26.1
850,8/19/2020,135.7023712,34.9565646,39.1
765,11/28/2021,114.2212174,4.5831986,168.6
490,4/19/2022,23.2960171,-16.1178235,128.7
94,1/9/2021,-71.7637309,8.0155697,169.6
384,10/22/2021,-89.6551671,39.7975767,229.1
935,1/16/2023,20.9183286,51.7565958,181.2
974,7/19/2022,122.8946032,7.3275252,236.9
556,3/27/2023,-74.5023819,20.3474809,22.2
952,10/30/2023,120.94861,6.00528,229.1
807,3/14/2022,103.604946,16.1393157,155.3
28,8/25/2023,-114.3954066,54.1187723,15.6
888,7/16/2021,-172.17768,-13.67147,70.8
209,3/14/2023,-9.1809626,39.0369331,95.5
335,9/14/2023,-0.0829051,51.5116933,48.5
393,9/28/2021,68.0179319,28.1732341,62.1
216,1/23/2023,130.4019412,31.6374692,110.7
647,1/9/2023,120.466907,17.7524749,29.7
910,10/22/2023,15.5029738,58.4922889,139.1
685,7/27/2021,120.965215,30.126539,161.8
645,11/3/2021,12.933356,57.7197857,43.4
520,7/30/2023,-70.2359058,1.256633,84.9
15,8/28/2021,26.4275001,52.7634482,36.0
916,9/21/2020,25.4597761,57.8852519,202.4
966,12/17/2022,20.9739484,52.423387,58.1
686,11/22/2021,60.7235532,59.8452242,28.9
413,1/23/2023,-86.8094808,33.489895,98.7
129,4/7/2021,123.1548332,-8.2837661,186.8
486,4/18/2021,71.09863,34.91914,169.9
336,12/20/2020,-97.5734783,35.4213103,191.8
820,6/16/2023,114.118103,-8.401854,132.8
721,6/30/2021,114.003577,22.915288,199.8
908,8/23/2022,113.525165,22.801624,118.5
633,5/16/2020,130.4001656,32.2084468,114.5
519,8/7/2021,105.4645408,11.9924294,71.5
812,8/9/2022,-100.0497004,51.1500374,89.9
25,11/23/2023,107.3922752,-6.989299,24.6
124,6/9/2022,-86.2907568,12.5258542,209.6
43,7/25/2021,120.878102,14.1507357,133.6
259,4/10/2020,66.4121857,51.9534228,103.8
353,9/13/2021,18.236243,59.1743158,46.3
952,5/4/2023,34.801898,30.610203,131.8
115,12/17/2021,111.7047656,41.5220136,15.6
3,11/29/2021,95.8353837,5.3453369,193.6
60,3/29/2021,-62.4792921,-10.4322235,13.6
949,12/1/2023,112.602848,30.445452,150.3
150,2/1/2022,111.2293563,-6.7455152,109.0
791,10/6/2021,110.4381254,-7.0051453,132.6
525,6/29/2023,114.057865,22.543096,82.7
381,12/2/2021,52.0645473,27.8370437,141.2
221,11/14/2023,110.346166,29.893672,15.7
834,6/29/2020,121.3128539,31.021461,186.2
459,1/19/2022,-56.6135167,-25.8511498,240.3
232,1/5/2020,119.4011078,10.9005556,164.4
867,3/29/2022,113.874335,23.105394,31.9
740,1/25/2021,1.7205437,43.4750998,57.0
29,1/14/2021,1.6736397,6.9421349,99.5
108,3/15/2020,139.129172,35.1550554,187.8
905,3/30/2020,117.3616476,39.3433574,125.5
575,11/3/2023,106.7714,-6.956164,192.6
238,8/12/2020,127.9201621,37.3422186,85.8
923,6/20/2022,-46.5423239,-22.9531705,7.8
129,9/29/2023,112.896606,23.156045,62.4
800,10/28/2020,121.0133007,14.5346437,90.6
365,11/6/2023,-97.3317391,37.8010824,168.2
166,6/29/2021,7.5599321,11.379367,64.5
596,12/31/2022,112.0192359,-7.8305129,39.7
509,6/14/2023,-49.1743626,-26.7376205,206.9
348,4/23/2022,114.304486,29.961817,60.9
330,7/30/2022,69.716667,34.883333,33.7
63,1/11/2020,-8.5820391,41.3015266,21.9
742,5/20/2021,121.0406718,14.5144041,16.7
421,2/5/2020,-3.7371617,40.3111887,65.0
251,7/15/2021,116.5079754,39.800607,106.4
289,6/11/2021,108.8076195,23.7247599,49.0
774,5/31/2020,16.3578112,58.5493379,167.4
670,8/12/2020,-44.9693894,-22.573256,204.8
812,9/11/2023,6.0767949,49.7881321,95.1
647,8/30/2023,109.5068254,-7.6044869,179.3
857,9/28/2023,123.449714,41.714914,65.7
298,1/4/2020,16.1286901,-22.3531369,60.5
666,7/4/2022,-76.7193829,-9.27793,11.3
179,10/17/2022,14.8755999,52.4530993,195.2
427,9/21/2020,-1.0793373,49.0993758,185.4
346,8/18/2020,17.7311963,48.9776522,201.6
576,10/24/2020,44.9672863,42.1119268,196.8
826,3/12/2020,114.6843819,38.0324108,71.3
130,8/16/2021,124.3882585,9.8827617,136.1
208,8/15/2020,124.17754,47.008673,1.7
470,7/2/2022,136.8367649,35.3209172,73.5
463,3/2/2020,-87.9653335,15.2307976,160.7
725,5/22/2022,99.9688636,15.2081378,151.3
159,8/1/2021,33.919245,35.1149116,226.4
577,12/7/2020,16.1084808,48.7974858,233.7
542,11/20/2022,100.3722477,16.2093368,177.8
805,12/27/2020,20.0613438,39.9061718,247.5
760,4/10/2020,13.6889288,49.0648694,90.4
752,12/15/2023,-8.7050402,40.3984011,28.0
630,2/11/2020,-73.053998,6.991539,236.1
739,8/21/2023,14.9863398,50.1359658,237.8
898,2/28/2023,113.2539198,23.175746,76.2
244,4/28/2021,110.319788,19.727097,93.7
625,6/3/2023,116.293727,39.974179,43.1
135,4/24/2023,-45.0933497,-21.0794915,116.8
212,6/26/2022,-47.8448116,-24.5002295,207.1
455,7/21/2021,111.9000827,-8.0397618,179.3
328,12/2/2020,16.7904143,60.2527141,14.7
663,6/11/2021,123.769368,46.987383,187.1
619,8/14/2023,-9.2845804,38.728816,100.1
385,3/15/2021,-70.405585,18.9351075,18.5
386,11/16/2023,111.9224398,-8.0474747,8.7
991,12/16/2022,21.5149892,50.8900563,9.6
7,8/12/2021,103.5218199,48.8231572,241.1
54,3/22/2020,10.0664589,59.0295207,189.4
840,9/10/2022,111.913497,-8.0095874,4.1
325,9/3/2020,126.4371385,43.1520105,46.0
445,7/17/2021,-88.0534236,15.3954121,22.1
478,11/30/2020,-91.1968495,14.6707644,136.5
268,9/29/2021,-73.868176,8.27533,162.6
875,1/12/2022,12.0098218,57.6735995,152.3
242,10/17/2023,126.4497814,7.0389957,186.5
975,6/6/2021,125.62583,7.29417,7.0
352,9/11/2020,120.618585,30.67705,65.1
500,7/29/2022,56.3432629,25.3365669,239.5
272,5/22/2021,25.5831031,60.6458731,129.8
187,11/27/2020,106.137293,34.749864,23.2
1000,5/17/2021,-57.8516627,-51.6977129,38.1
481,1/21/2023,-122.4773432,47.2457073,42.1
169,4/22/2021,123.2468727,9.364014,66.0
590,10/31/2020,16.1916703,58.584874,223.5
138,3/7/2021,125.374217,43.865595,76.7
307,4/24/2022,103.9056032,16.1131855,223.2
99,8/1/2022,-75.2966019,6.979498,29.8
920,1/17/2022,44.3827547,-23.7219872,236.9
899,8/12/2023,-89.3904407,14.8215286,110.0
772,6/21/2023,121.0210496,14.5679735,65.5
148,5/31/2022,17.486283,54.4823669,225.9
556,11/3/2023,118.0429566,8.9698573,64.7
204,10/22/2023,111.8568586,37.2425649,241.2
579,11/21/2021,-40.7092475,-4.3220187,115.5
685,3/8/2020,-4.2230836,5.9354963,104.9
406,11/5/2021,34.2747004,-0.0998238,231.5
224,8/24/2023,26.045885,40.8806112,21.7
400,4/19/2023,119.141473,28.074649,172.7
80,8/20/2022,92.060395,30.434801,228.6
793,7/3/2020,121.0204582,14.5699334,163.4
107,8/1/2021,111.380014,29.584292,113.9
344,2/12/2023,110.6422198,-7.355927,121.8
402,3/23/2022,10.2319757,36.7435003,104.3
384,10/9/2021,103.4295033,0.995919,192.4
650,10/3/2023,-96.84046,32.9985237,163.1
118,8/30/2023,-99.1303962,19.4468231,16.2
917,10/22/2023,28.2416397,57.8282585,110.3
755,1/4/2023,16.2061552,51.9075123,175.9
393,6/26/2023,17.09514,61.2698079,49.7
579,7/29/2020,113.8882172,-7.7013097,122.0
352,9/13/2023,-70.9853968,-33.6815281,67.2
491,8/8/2021,35.6160558,30.8337059,120.9
39,1/4/2023,108.643901,28.397356,198.3
639,10/4/2021,-48.7218983,-23.3866812,247.4
240,8/18/2023,174.9497836,-37.1954967,193.2
351,2/1/2022,114.305539,30.592849,20.6
531,4/7/2021,109.9526633,-7.6695988,212.9
341,5/10/2023,-71.66577,45.48338,143.5
978,8/4/2020,110.138102,29.181201,115.7
738,11/10/2021,113.5103504,-8.2373951,56.4
308,12/1/2023,121.300071,30.741203,60.1
793,4/3/2020,57.787098,58.85886,49.7
741,5/29/2022,-78.5376906,-1.3247967,41.2
355,10/10/2023,22.0444933,37.1560675,32.6
217,8/30/2022,37.1584572,56.4342328,92.8
162,3/23/2020,125.0167866,1.3887283,1.6
953,6/19/2021,-49.8004866,-16.0222492,59.1
34,1/4/2020,120.3596969,15.9188491,85.8
709,6/25/2022,9.7734455,0.3740355,198.1
72,9/9/2023,111.1280093,-6.7047548,216.5
272,6/20/2022,-51.08671,-29.362503,134.5
416,8/30/2021,33.6817424,50.1837815,37.9
515,2/20/2020,13.1702373,58.5023638,181.8
380,11/4/2022,95.9706,5.31494,176.5
682,3/8/2023,19.9165644,41.3934697,181.8
958,2/23/2023,174.0768108,-39.0593613,34.9
83,8/28/2022,126.668787,45.75997,137.6
445,2/17/2020,2.6362975,39.609109,213.9
259,2/24/2022,20.974874,41.833253,84.9
344,9/13/2021,112.1787896,-2.5082067,142.9
233,6/3/2023,35.3145782,49.8408677,40.6
382,2/8/2022,-45.9991326,-2.0133843,27.0
618,6/17/2023,14.23583,36.07222,24.0
905,3/28/2021,37.3439888,55.6830117,85.2
478,1/18/2022,120.758543,30.753924,162.3
447,9/5/2022,19.6847625,41.0004802,79.4
733,10/29/2021,-118.12,34.17,212.3
988,8/21/2022,49.5993167,31.2777088,176.0
296,9/27/2020,-46.5728156,-22.0699763,198.4
418,7/26/2022,7.2733783,6.2536784,16.2
738,3/5/2021,120.558606,31.859653,236.4
140,7/7/2023,-8.5541453,41.3270528,59.8
357,5/27/2022,-58.7005845,-34.6091049,16.7
789,11/14/2023,112.0744643,-8.2412718,115.2
881,6/5/2020,25.431687,48.8109783,40.2
346,5/22/2021,14.7217993,51.9784524,203.1
605,11/4/2020,113.384129,22.937244,239.6
387,7/4/2022,-75.3149796,-11.9187621,199.9
559,11/26/2022,110.5806783,-6.9774659,111.5
641,2/21/2021,5.2933198,51.6861013,20.1
469,10/7/2023,124.7452068,10.9120328,77.1
635,1/19/2022,5.970378,47.304702,19.5
805,1/16/2020,18.0313123,50.893024,24.4
455,7/19/2021,-10.8479688,7.9877141,114.1
231,8/4/2021,-55.04816,49.24993,206.9
802,12/12/2022,14.439284,35.878762,94.0
701,12/13/2020,-8.0122102,40.2221306,139.8
466,3/4/2021,20.2757746,51.3798501,18.5
647,8/27/2023,69.1543939,34.8438311,124.0
758,3/27/2023,124.6769673,6.6875376,226.6
641,1/22/2021,121.507191,29.756501,91.6
559,9/18/2020,18.5268253,-33.5938745,180.4
999,5/14/2023,112.1012912,-8.2012757,101.0
210,8/30/2023,17.191,44.7721811,187.8
33,8/4/2020,-65.426487,-24.8009137,222.9
265,7/5/2020,110.8880753,-7.0987285,48.2
704,8/1/2021,108.5456244,34.0380929,117.6
640,12/6/2022,-60.6298078,-32.9979844,75.1
137,2/4/2020,35.074453,32.353463,37.2
208,2/14/2023,120.997522,14.5473421,107.8
405,10/13/2022,116.816909,26.177796,243.6
425,6/20/2020,119.5606,-9.4033,34.4
722,5/26/2020,33.3149413,35.3237104,197.3
567,11/13/2022,20.1893997,42.1636682,122.3
782,5/25/2023,-96.722641,43.521619,236.0
436,4/21/2023,39.8634775,49.7001031,147.5
417,9/30/2020,112.040028,39.732646,214.1
918,1/19/2023,-80.8328724,35.2219554,76.8
737,9/9/2021,11.9694396,57.7806567,38.1
105,7/15/2022,-73.6300729,3.3393833,142.9
406,2/7/2020,47.851999,46.204501,72.2
665,3/21/2022,-83.7066289,22.6188131,84.3
971,1/29/2023,73.3082308,2.5045603,101.8
802,5/5/2021,15.0091903,58.5563017,43.2
414,3/1/2021,112.892578,22.900182,107.8
999,9/2/2022,2.190167,48.695223,124.5
78,12/26/2020,113.645873,33.631238,211.0
531,2/11/2021,-149.41667,-17.76667,128.1
658,5/20/2023,-8.598522,41.1846313,89.1
381,6/20/2023,106.2248,-6.598,122.9
771,7/4/2023,68.5775,43.52639,201.7
758,10/19/2023,120.489051,28.34343,59.2
573,7/31/2020,7.1090932,51.561779,238.4
223,9/26/2022,107.6185727,-6.6889038,120.1
745,8/10/2020,108.408661,30.807667,210.9
303,11/8/2022,2.1476836,48.8805451,77.0
361,4/13/2023,115.2298,-8.5067,31.5
192,5/18/2023,43.5525727,42.0264858,198.4
245,4/7/2021,-79.66033,-0.35294,95.8
632,5/24/2022,102.650211,24.908293,22.4
702,12/29/2021,-64.4895079,-31.0783056,24.7
482,3/3/2020,120.9644288,14.7572292,223.7