SensorID,ManafactureDate,NextMaintenance,LastMaintained,MaintainerID,SensorType
1,2/2/2023 02:03:09,12/24/2026,10/9/2022 15:29:44,93,Zone
2,8/3/2021 00:55:43,1/16/2029,9/11/2022 21:00:44,77,Zone
3,12/17/2022 03:00:48,12/11/2036,1/31/2020 09:33:46,10,Zone
4,8/13/2021 04:32:42,7/26/2028,6/2/2021 15:26:37,18,Zone
5,7/11/2022 19:38:13,10/15/2049,7/6/2020 12:32:25,27,Zone
6,12/8/2020 21:52:46,8/24/2023,6/11/2020 00:13:56,67,Zone
7,9/19/2022 12:03:33,3/28/2026,6/5/2022 22:44:24,22,Zone
8,1/19/2020 02:18:17,2/25/2039,null,100,Zone
9,3/18/2020 16:44:12,10/5/2036,3/28/2023 14:37:11,10,Zone
10,2/13/2021 11:22:57,9/27/2026,2/13/2022 14:26:22,22,Zone
11,10/18/2021 18:02:51,3/2/2032,null,63,Subscriber
12,4/5/2023 22:24:22,9/16/2025,null,83,Zone
13,3/2/2022 22:02:04,1/10/2046,6/25/2020 22:00:48,80,Zone
14,9/19/2022 13:27:25,3/17/2036,null,28,Zone
15,12/19/2022 22:58:34,11/15/2026,7/2/2021 20:30:26,11,Zone
16,7/29/2020 05:19:02,11/19/2038,1/29/2022 09:08:33,22,Zone
17,5/28/2021 14:14:30,12/11/2037,2/21/2021 09:03:49,89,Zone
18,5/16/2020 03:18:46,5/24/2031,null,60,Zone
19,1/6/2020 16:46:25,12/4/2041,null,42,Zone
20,8/16/2020 01:07:12,3/12/2036,1/17/2023 00:29:08,91,Zone
21,2/17/2022 02:25:37,2/6/2032,null,65,Zone
22,4/12/2023 07:17:54,3/28/2033,12/27/2021 09:22:07,87,Subscriber
23,8/14/2021 21:37:31,4/25/2038,null,13,Zone
24,8/24/2021 06:24:05,4/9/2049,10/21/2022 00:10:20,42,Zone
25,10/31/2022 01:10:59,9/30/2030,null,34,Zone
26,1/22/2020 17:10:18,4/18/2034,null,48,Zone
27,1/25/2021 21:46:57,7/1/2048,10/28/2020 23:53:48,73,Zone
28,4/30/2023 06:08:51,3/15/2027,null,52,Zone
29,4/30/2020 18:17:44,2/16/2025,2/12/2022 10:24:01,9,Zone
30,7/19/2022 00:04:34,2/26/2035,4/16/2021 11:35:48,57,Zone
31,3/17/2020 11:25:10,5/8/2041,4/26/2023 03:10:55,77,Zone
32,1/28/2023 12:41:17,11/21/2048,6/16/2021 11:01:46,64,Zone
33,10/25/2020 10:08:50,12/22/2046,9/20/2020 08:18:37,100,Zone
34,9/6/2022 09:58:50,1/2/2043,null,15,Zone
35,2/24/2021 00:11:01,5/12/2034,11/28/2022 10:29:43,94,Zone
36,5/8/2022 07:41:35,7/29/2033,null,92,Zone
37,9/24/2020 20:15:49,7/2/2050,8/9/2022 23:50:14,64,Zone
38,10/9/2022 18:42:09,6/19/2038,null,74,Zone
39,9/13/2020 19:06:49,4/17/2047,8/8/2021 01:01:45,34,Zone
40,11/30/2020 03:31:31,1/22/2048,3/30/2020 02:52:30,86,Zone
41,5/20/2023 11:09:33,10/27/2032,null,55,Zone
42,5/14/2020 16:22:13,3/25/2036,12/13/2022 18:00:35,64,Zone
43,4/23/2022 12:16:18,6/9/2034,null,1,Zone
44,12/19/2021 11:43:58,7/30/2023,4/30/2021 23:15:38,3,Zone
45,4/10/2022 13:20:24,10/25/2025,null,47,Zone
46,11/5/2020 18:44:28,8/14/2035,1/31/2023 00:03:33,31,Zone
47,6/8/2021 12:22:28,5/14/2040,8/29/2022 18:15:25,77,Zone
48,5/28/2020 03:59:58,10/25/2040,2/14/2022 05:07:08,86,Zone
49,3/23/2023 07:36:12,7/25/2029,null,11,Zone
50,7/15/2021 08:52:39,5/10/2028,4/15/2022 07:43:27,38,Zone
51,9/18/2022 13:39:04,4/7/2045,null,60,Zone
52,3/13/2021 00:05:52,8/27/2023,4/8/2021 23:35:41,65,Zone
53,12/10/2020 01:20:34,12/8/2044,null,46,Zone
54,6/23/2020 15:48:09,7/27/2033,12/4/2020 06:17:14,65,Zone
55,9/5/2022 23:44:51,8/21/2023,1/5/2020 20:13:09,81,Zone
56,9/24/2022 10:47:12,2/11/2050,null,10,Zone
57,6/18/2020 08:28:00,11/19/2028,8/2/2021 14:37:27,43,Zone
58,4/13/2022 08:47:06,5/31/2048,1/1/2022 11:37:50,22,Zone
59,6/29/2020 23:51:07,12/29/2026,6/4/2021 04:11:43,57,Zone
60,9/14/2021 22:56:04,2/3/2031,5/3/2023 00:53:24,57,Zone
61,4/11/2020 16:03:43,7/31/2034,null,11,Zone
62,3/20/2022 20:48:25,8/27/2030,null,10,Zone
63,9/20/2020 10:01:49,12/3/2041,null,10,Zone
64,4/17/2020 06:10:20,3/23/2038,null,35,Zone
65,7/7/2022 12:16:20,12/25/2037,2/8/2022 08:01:25,75,Zone
66,1/25/2023 06:36:17,9/29/2030,1/5/2020 08:00:48,83,Zone
67,5/6/2023 14:09:44,2/8/2041,3/22/2023 04:03:21,16,Zone
68,3/8/2022 02:35:10,5/27/2040,5/28/2023 18:17:45,100,Zone
69,9/14/2020 19:04:49,3/12/2041,6/14/2023 07:42:17,55,Zone
70,3/27/2021 02:26:31,8/7/2038,2/14/2022 15:03:20,68,Zone
71,4/28/2020 11:28:20,6/2/2028,11/13/2021 11:17:15,89,Zone
72,10/27/2020 09:53:00,11/1/2048,null,96,Zone
73,8/10/2021 12:30:07,8/20/2042,12/8/2021 08:38:24,74,Zone
74,3/3/2022 10:37:44,3/6/2026,1/26/2023 08:14:50,42,Zone
75,10/30/2020 01:20:33,12/16/2036,null,81,Zone
76,3/7/2022 20:20:48,12/26/2042,null,59,Zone
77,3/31/2022 10:07:46,12/12/2026,null,93,Subscriber
78,3/18/2023 21:21:55,9/9/2046,7/6/2020 08:27:22,97,Subscriber
79,3/16/2020 04:36:53,6/22/2045,null,38,Zone
80,4/20/2023 06:07:08,8/11/2032,7/22/2020 07:38:17,4,Zone
81,4/8/2023 04:25:22,3/1/2026,null,66,Zone
82,11/17/2020 13:31:28,12/7/2039,5/1/2022 15:52:34,43,Zone
83,2/3/2023 04:42:31,6/27/2045,3/9/2022 15:30:04,90,Zone
84,1/15/2021 13:34:43,10/31/2044,null,13,Subscriber
85,5/29/2021 22:31:06,9/26/2024,10/19/2020 04:58:55,83,Zone
86,2/4/2020 20:17:28,6/28/2048,12/22/2021 15:17:43,36,Zone
87,9/26/2021 20:56:05,2/7/2045,3/5/2023 07:15:34,16,Zone
88,1/29/2020 11:50:51,4/3/2045,null,67,Zone
89,10/15/2020 22:47:40,7/31/2024,null,84,Zone
90,7/6/2022 14:32:25,5/23/2034,12/20/2022 09:11:36,94,Zone
91,8/19/2021 08:34:03,8/1/2032,3/1/2023 14:02:30,78,Zone
92,9/18/2021 02:27:31,6/16/2033,2/1/2022 05:57:46,47,Zone
93,10/26/2020 18:30:44,10/8/2049,null,42,Zone
94,2/2/2023 23:41:06,4/30/2025,null,43,Zone
95,4/3/2022 15:19:18,7/24/2026,7/1/2022 11:55:23,23,Zone
96,9/17/2022 01:38:19,9/3/2027,6/12/2021 04:01:18,13,Zone
97,5/27/2023 14:00:25,10/15/2024,4/18/2023 20:18:27,28,Zone
98,1/18/2023 04:00:15,3/10/2046,null,36,Zone
99,5/1/2023 03:58:43,6/27/2023,8/20/2020 18:40:35,9,Zone
100,9/13/2022 07:08:11,3/20/2030,7/8/2022 19:26:42,45,Zone
101,5/12/2021 22:31:40,11/21/2048,7/4/2022 15:38:28,97,Zone
102,2/24/2021 19:50:10,9/27/2038,9/18/2020 17:06:16,95,Zone
103,7/24/2020 01:11:23,3/23/2036,3/23/2021 21:17:18,37,Zone
104,4/17/2021 09:39:46,10/23/2045,6/14/2021 10:06:05,65,Zone
105,4/13/2021 19:09:12,6/27/2049,8/30/2020 19:51:07,27,Zone
106,6/16/2021 08:36:47,1/4/2025,null,97,Zone
107,9/12/2021 03:56:43,2/27/2026,3/21/2020 21:48:19,84,Zone
108,11/30/2022 11:06:43,2/1/2026,5/20/2021 05:04:31,91,Zone
109,11/23/2021 18:16:52,12/17/2042,null,75,Zone
110,9/28/2020 22:54:47,10/28/2030,null,38,Zone
111,10/21/2022 19:39:36,9/7/2044,null,13,Subscriber
112,3/16/2020 14:47:41,12/24/2047,1/1/2021 11:42:41,44,Zone
113,7/3/2021 02:53:52,10/8/2037,null,79,Zone
114,3/29/2022 13:14:03,11/8/2026,null,55,Zone
115,1/12/2021 04:48:44,8/26/2040,2/28/2022 00:05:53,42,Zone
116,4/10/2020 13:37:58,4/12/2032,10/26/2021 02:03:47,19,Zone
117,5/12/2021 21:48:36,7/2/2026,null,66,Zone
118,10/19/2022 04:03:32,1/29/2042,7/31/2021 00:55:55,16,Zone
119,3/24/2023 02:15:21,9/19/2032,null,44,Zone
120,1/24/2021 16:53:26,1/19/2042,2/22/2022 11:28:28,47,Zone
121,8/20/2020 20:34:59,5/27/2047,2/10/2023 15:21:54,50,Zone
122,5/13/2023 18:49:26,8/18/2025,7/2/2022 06:19:48,52,Zone
123,6/30/2021 23:55:24,7/31/2050,9/29/2020 18:49:04,8,Zone
124,3/19/2022 04:48:34,1/25/2038,5/6/2022 11:16:23,81,Zone
125,9/25/2020 16:20:40,8/10/2046,12/15/2020 05:54:09,40,Zone
126,4/20/2023 13:31:45,10/18/2031,2/22/2022 15:12:43,70,Zone
127,7/11/2020 00:19:39,5/6/2032,1/31/2022 14:48:32,12,Zone
128,3/6/2020 05:19:34,5/10/2049,4/17/2023 21:58:50,17,Zone
129,6/20/2020 19:56:04,8/23/2036,2/14/2023 06:29:57,43,Zone
130,6/9/2022 02:21:03,8/22/2041,4/20/2020 06:31:41,21,Zone
131,8/13/2022 23:00:01,8/19/2031,1/27/2023 03:48:23,23,Subscriber
132,7/26/2021 21:20:44,7/8/2045,null,92,Zone
133,5/15/2021 10:22:14,2/22/2043,8/20/2021 14:32:20,48,Zone
134,3/11/2022 06:25:17,11/27/2029,null,42,Zone
135,11/14/2020 08:50:08,6/30/2048,4/25/2022 20:31:07,29,Subscriber
136,4/27/2020 02:47:42,8/14/2046,10/20/2021 12:52:02,23,Zone
137,11/3/2021 22:31:39,12/27/2043,3/19/2021 02:43:30,25,Zone
138,10/12/2022 04:38:47,11/18/2038,1/20/2023 05:22:15,7,Zone
139,5/2/2022 15:04:04,3/1/2024,null,44,Zone
140,8/12/2022 16:06:59,8/3/2034,1/12/2023 20:17:41,35,Subscriber
141,7/30/2021 15:00:55,11/6/2026,10/3/2021 20:12:10,72,Zone
142,12/15/2022 22:04:18,12/26/2048,null,67,Zone
143,4/16/2023 16:03:54,11/6/2032,null,50,Subscriber
144,11/29/2022 00:12:36,5/8/2043,null,29,Zone
145,2/4/2021 20:15:30,11/13/2037,12/21/2020 04:42:58,70,Zone
146,3/18/2022 01:58:06,8/14/2035,5/26/2020 18:32:04,36,Zone
147,11/11/2020 01:26:23,8/29/2050,2/12/2023 10:49:34,12,Zone
148,3/29/2020 00:14:54,10/3/2045,12/13/2020 09:40:11,54,Zone
149,4/23/2022 11:06:48,3/13/2042,2/11/2020 21:47:26,78,Zone
150,8/15/2020 10:20:25,12/12/2045,7/17/2022 16:53:22,82,Zone
151,7/20/2021 02:34:39,7/14/2036,7/7/2020 17:40:30,27,Zone
152,9/16/2022 08:05:45,11/9/2023,null,31,Zone
153,3/10/2023 01:41:15,3/13/2034,10/28/2020 15:47:56,78,Zone
154,3/23/2020 14:03:35,6/1/2041,null,46,Zone
155,3/14/2022 23:35:20,6/13/2038,null,50,Zone
156,12/15/2021 08:11:13,12/24/2039,2/23/2021 04:38:57,15,Zone
157,5/7/2023 01:10:34,8/31/2045,3/16/2021 04:48:07,17,Zone
158,1/4/2021 15:45:08,9/25/2039,8/5/2020 05:08:58,27,Zone
159,1/2/2023 15:16:04,5/10/2024,null,61,Subscriber
160,8/2/2022 16:42:25,8/17/2031,9/29/2022 03:19:32,32,Zone
161,1/16/2023 14:31:38,8/8/2048,8/8/2020 05:06:36,32,Zone
162,7/26/2022 05:14:12,1/7/2031,8/28/2022 03:20:36,45,Zone
163,2/5/2020 08:42:43,1/6/2025,9/11/2021 16:18:18,85,Subscriber
164,3/16/2022 02:02:24,7/13/2050,10/25/2021 16:43:02,64,Zone
165,10/22/2021 11:01:17,1/10/2033,11/7/2022 10:45:25,39,Zone
166,2/9/2022 19:23:16,10/8/2029,11/2/2021 23:07:47,74,Zone
167,5/22/2021 17:36:45,1/16/2041,null,17,Subscriber
168,10/6/2021 08:14:26,1/14/2024,9/13/2022 08:39:50,94,Zone
169,2/8/2023 00:06:25,8/22/2026,7/19/2020 16:36:59,10,Zone
170,12/13/2021 19:38:26,7/19/2048,7/5/2022 18:05:06,2,Zone
171,5/5/2022 04:08:04,9/26/2024,1/14/2020 18:46:28,30,Zone
172,12/20/2020 12:36:57,9/15/2040,null,98,Zone
173,9/17/2021 17:38:21,10/26/2025,null,49,Zone
174,1/25/2020 01:45:24,8/9/2031,2/7/2020 09:12:59,18,Subscriber
175,4/11/2023 07:51:19,12/30/2050,null,43,Zone
176,7/5/2020 18:15:40,5/29/2032,3/21/2020 15:01:13,18,Zone
177,8/8/2020 06:55:03,5/29/2048,1/21/2020 23:50:30,93,Zone
178,4/5/2020 23:23:30,3/11/2030,12/24/2020 15:41:29,84,Zone
179,3/7/2021 21:43:26,4/26/2024,4/15/2021 19:36:04,31,Zone
180,7/30/2022 14:33:11,11/18/2041,8/22/2021 06:42:11,26,Zone
181,2/20/2021 06:56:03,4/15/2029,2/25/2022 15:26:17,63,Zone
182,4/22/2020 11:07:17,12/16/2036,8/18/2022 02:00:16,70,Zone
183,6/1/2022 13:45:25,2/15/2040,6/7/2020 20:57:33,69,Zone
184,2/14/2021 06:29:38,1/3/2030,null,50,Zone
185,2/14/2023 07:25:06,5/23/2028,11/24/2021 19:40:56,91,Zone
186,9/22/2022 07:23:25,5/27/2038,10/23/2020 17:13:45,77,Zone
187,8/10/2022 01:22:27,11/28/2027,1/14/2021 21:50:21,81,Zone
188,10/9/2022 03:03:36,10/12/2050,8/17/2020 16:21:20,75,Zone
189,3/2/2020 13:32:04,1/7/2043,null,38,Zone
190,12/23/2020 21:19:15,11/27/2026,null,31,Zone
191,1/8/2023 02:37:05,11/15/2043,2/5/2021 13:32:53,59,Zone
192,3/4/2020 00:04:22,10/31/2045,null,44,Zone
193,10/15/2020 23:10:56,2/17/2039,11/16/2022 02:26:33,68,Zone
194,11/14/2021 13:17:51,4/6/2040,2/18/2021 05:40:42,3,Zone
195,11/12/2020 04:33:11,7/3/2023,10/30/2020 04:48:27,96,Zone
196,1/27/2021 07:08:51,3/31/2026,null,57,Zone
197,3/15/2023 02:15:40,3/24/2042,null,77,Zone
198,3/1/2022 01:07:52,2/12/2030,2/18/2022 04:42:30,14,Zone
199,2/9/2023 09:14:17,7/30/2028,1/16/2023 07:48:26,37,Zone
200,3/31/2021 02:19:16,2/17/2041,2/3/2022 09:03:53,63,Zone
201,12/17/2020 04:50:13,10/8/2034,null,10,Zone
202,6/26/2021 16:11:01,10/7/2026,3/10/2022 13:02:10,36,Zone
203,2/28/2023 07:57:00,1/14/2046,7/17/2022 15:51:43,59,Zone
204,5/2/2022 07:38:23,10/24/2025,5/3/2022 10:11:34,45,Zone
205,8/26/2020 11:40:41,9/7/2029,11/13/2022 06:43:02,85,Zone
206,7/9/2020 17:23:37,12/22/2045,1/8/2023 12:30:31,51,Zone
207,8/4/2020 10:59:49,11/25/2027,2/7/2020 15:11:42,92,Subscriber
208,11/18/2020 16:46:59,9/28/2035,2/12/2023 02:11:15,22,Zone
209,3/12/2021 03:26:09,3/6/2043,9/24/2022 23:35:11,96,Zone
210,1/7/2020 23:21:33,7/26/2042,1/16/2023 13:06:14,52,Zone
211,10/9/2020 00:34:33,4/14/2050,10/6/2020 15:44:26,29,Subscriber
212,5/25/2023 09:19:49,9/24/2028,5/3/2021 18:42:26,37,Zone
213,8/21/2020 05:59:49,4/9/2047,null,86,Zone
214,8/24/2021 22:44:15,5/12/2037,11/6/2020 20:29:41,62,Zone
215,9/14/2020 10:05:05,8/31/2030,11/3/2022 05:03:40,95,Zone
216,4/23/2021 10:32:24,5/24/2030,5/4/2022 17:00:12,75,Zone
217,11/23/2021 00:58:59,9/12/2026,null,69,Zone
218,12/2/2021 20:42:18,12/3/2046,10/10/2022 10:08:51,18,Subscriber
219,10/14/2020 13:02:23,2/22/2031,5/2/2020 23:42:21,65,Zone
220,9/3/2021 00:15:26,10/17/2041,null,50,Zone
221,1/3/2021 16:46:20,12/18/2026,7/16/2021 02:37:34,23,Zone
222,10/31/2021 19:08:50,3/6/2038,null,69,Zone
223,6/5/2022 19:44:56,4/1/2029,11/30/2022 02:50:30,55,Zone
224,10/18/2020 11:14:37,5/24/2037,3/27/2021 15:58:48,87,Zone
225,5/29/2023 20:57:49,4/11/2027,10/29/2022 20:14:20,48,Zone
226,6/25/2021 09:49:19,2/12/2039,null,82,Zone
227,7/22/2022 03:43:14,12/25/2035,null,14,Subscriber
228,1/8/2023 10:41:47,5/12/2049,3/28/2021 08:03:25,83,Subscriber
229,4/28/2020 13:05:55,2/6/2042,null,74,Zone
230,11/20/2022 03:30:55,8/16/2047,null,11,Zone
231,6/4/2022 15:06:40,2/13/2027,1/31/2021 13:17:23,89,Zone
232,3/8/2022 03:00:09,6/29/2024,11/1/2022 12:22:35,39,Zone
233,11/9/2022 16:33:07,10/7/2038,5/12/2021 10:07:27,79,Zone
234,3/4/2021 19:04:27,12/30/2048,1/29/2023 13:27:02,11,Zone
235,6/27/2020 03:28:35,2/15/2050,8/23/2020 13:02:50,54,Subscriber
236,4/30/2020 00:45:32,6/22/2032,2/13/2023 01:14:49,37,Zone
237,11/15/2020 18:21:04,8/16/2032,7/27/2020 07:07:40,11,Zone
238,11/15/2020 02:09:35,3/27/2024,4/29/2022 22:43:19,60,Zone
239,5/22/2020 14:12:20,8/30/2023,null,60,Subscriber
240,3/13/2020 09:36:38,7/7/2040,null,53,Zone
241,4/10/2023 19:19:05,11/21/2043,null,16,Zone
242,5/18/2021 05:33:18,6/18/2031,null,27,Zone
243,1/20/2020 07:48:36,6/13/2048,3/4/2021 17:52:58,79,Zone
244,4/1/2023 10:33:40,9/17/2031,5/21/2023 20:53:35,40,Subscriber
245,4/25/2021 12:33:12,10/27/2039,3/9/2020 18:29:54,22,Zone
246,8/17/2020 00:27:43,11/1/2047,10/23/2021 13:51:08,12,Zone
247,3/3/2023 15:54:45,10/13/2038,10/19/2021 19:19:55,21,Zone
248,5/22/2023 23:29:18,1/15/2049,12/24/2022 21:14:24,73,Subscriber
249,9/22/2020 22:37:29,6/11/2049,8/27/2021 09:01:25,16,Zone
250,8/17/2022 13:52:01,4/10/2044,9/10/2020 15:40:25,39,Zone
251,2/15/2023 05:36:04,6/10/2042,12/25/2022 13:44:12,28,Zone
252,9/24/2020 02:55:23,2/1/2031,10/9/2022 08:35:29,35,Zone
253,9/5/2020 10:37:32,6/3/2050,1/8/2020 23:46:51,38,Zone
254,10/24/2020 10:33:34,4/14/2037,2/24/2023 16:08:29,39,Zone
255,10/10/2021 11:05:35,11/30/2050,1/12/2020 08:29:20,91,Zone
256,11/7/2020 02:40:20,12/20/2043,12/19/2021 02:08:16,28,Zone
257,9/20/2022 13:37:15,12/6/2044,7/14/2021 04:22:58,98,Subscriber
258,7/23/2020 18:48:37,1/24/2032,4/28/2021 13:33:02,20,Zone
259,11/28/2020 21:30:52,10/19/2047,2/7/2023 06:13:34,89,Zone
260,4/13/2021 02:30:08,11/24/2047,null,66,Zone
261,1/30/2020 04:00:18,5/2/2026,1/6/2022 20:56:03,49,Zone
262,3/29/2023 21:01:08,2/16/2032,9/19/2020 20:27:43,12,Zone
263,4/3/2023 09:49:02,5/12/2046,null,68,Zone
264,1/7/2020 09:18:22,2/28/2027,3/26/2021 17:32:26,57,Zone
265,9/23/2022 20:17:56,11/9/2036,1/11/2020 23:39:17,40,Zone
266,7/1/2022 19:09:18,12/11/2041,null,97,Zone
267,3/13/2023 14:19:33,9/4/2042,null,71,Subscriber
268,4/27/2023 03:54:07,11/12/2023,null,12,Zone
269,6/6/2022 12:16:07,10/25/2042,2/5/2020 10:06:18,53,Zone
270,11/5/2021 07:50:44,7/13/2029,1/25/2020 16:04:25,45,Zone
271,12/26/2020 22:52:44,3/13/2027,1/3/2022 09:51:04,70,Zone
272,8/30/2022 04:42:43,7/4/2026,null,83,Zone
273,5/31/2022 18:35:43,9/5/2038,2/8/2022 12:07:58,64,Zone
274,2/19/2022 11:48:18,11/1/2027,12/30/2021 04:34:34,93,Zone
275,12/29/2022 18:09:58,11/6/2031,5/17/2020 10:54:10,2,Zone
276,6/21/2020 00:22:17,8/11/2035,3/9/2023 13:26:29,82,Zone
277,8/19/2022 02:13:00,7/22/2025,5/9/2020 12:34:33,64,Zone
278,4/28/2020 23:40:26,7/26/2023,4/25/2022 11:00:55,4,Zone
279,1/16/2020 08:05:23,6/7/2047,2/6/2022 10:28:34,37,Zone
280,10/10/2021 06:54:50,10/22/2041,3/12/2022 05:57:53,52,Zone
281,5/29/2020 09:02:03,1/23/2033,null,74,Zone
282,7/20/2021 11:15:41,8/13/2027,12/12/2022 03:41:56,61,Zone
283,1/29/2022 22:06:05,11/12/2035,null,44,Zone
284,11/11/2021 05:23:04,3/15/2050,null,81,Zone
285,5/2/2021 17:45:59,11/26/2034,null,7,Zone
286,5/11/2022 18:33:40,11/23/2048,12/27/2020 06:48:09,66,Zone
287,1/9/2020 22:47:11,6/22/2047,null,53,Zone
288,4/22/2020 07:15:16,5/20/2033,null,16,Zone
289,2/1/2023 01:03:35,11/27/2046,8/29/2020 21:22:58,94,Zone
290,11/22/2021 11:15:26,12/19/2038,12/31/2022 17:17:37,4,Zone
291,1/26/2023 11:41:01,4/9/2032,null,28,Zone
292,2/1/2021 16:32:38,10/5/2048,null,19,Zone
293,5/14/2023 21:14:47,10/14/2035,null,34,Zone
294,5/24/2021 17:20:33,1/23/2041,7/20/2022 23:44:05,69,Zone
295,2/4/2022 11:14:12,4/18/2025,6/5/2023 05:49:00,19,Zone
296,4/20/2023 11:30:27,4/28/2047,3/11/2021 07:32:04,79,Subscriber
297,12/2/2022 15:04:44,3/9/2030,10/12/2022 14:54:58,18,Zone
298,11/1/2022 04:37:26,1/21/2040,2/11/2021 10:57:17,6,Zone
299,3/13/2022 17:59:00,3/26/2047,6/28/2022 07:39:54,68,Subscriber
300,5/11/2023 10:18:03,8/7/2039,3/5/2020 08:59:22,42,Zone
301,1/7/2022 08:28:20,11/12/2045,null,2,Subscriber
302,4/21/2021 02:18:52,11/25/2045,6/29/2021 17:05:31,25,Zone
303,10/6/2021 08:33:51,2/27/2041,1/29/2020 03:10:10,5,Subscriber
304,10/6/2021 14:23:57,2/17/2048,null,71,Zone
305,3/25/2022 10:32:58,6/19/2048,null,97,Zone
306,9/13/2020 20:33:04,6/14/2040,6/5/2023 14:55:20,56,Zone
307,3/11/2023 07:08:01,6/25/2040,8/7/2020 03:43:23,96,Zone
308,1/4/2020 15:10:18,12/13/2027,12/8/2021 15:14:16,13,Zone
309,2/8/2022 17:39:44,8/13/2025,12/19/2022 18:22:42,15,Zone
310,3/27/2023 08:00:02,10/24/2049,12/18/2021 07:44:04,48,Zone
311,12/12/2022 14:38:37,3/7/2042,10/5/2020 08:56:53,60,Subscriber
312,10/23/2020 18:38:24,2/3/2026,4/14/2022 07:06:56,78,Zone
313,8/14/2022 02:24:28,11/12/2026,2/16/2021 20:58:09,43,Zone
314,9/19/2020 08:28:34,12/5/2043,9/13/2020 14:30:05,2,Zone
315,3/26/2023 00:04:22,7/9/2029,5/18/2020 21:15:50,5,Zone
316,11/18/2020 05:14:21,1/17/2032,8/10/2021 13:25:09,81,Zone
317,10/12/2020 17:18:06,2/26/2047,null,24,Zone
318,3/4/2020 09:38:23,6/9/2039,null,13,Zone
319,4/18/2022 17:33:12,9/22/2039,null,23,Subscriber
320,6/24/2022 05:07:15,6/11/2037,6/27/2022 12:14:59,48,Zone
321,1/26/2023 01:33:30,11/20/2042,7/13/2022 13:30:02,100,Zone
322,12/23/2022 06:46:55,6/15/2047,3/31/2021 12:21:50,90,Subscriber
323,5/20/2020 07:53:14,11/27/2041,null,47,Zone
324,6/24/2022 06:23:40,6/26/2049,1/9/2020 17:49:31,81,Zone
325,9/1/2022 17:48:48,10/22/2039,10/5/2022 19:13:46,34,Zone
326,8/12/2021 03:09:29,4/20/2038,6/24/2021 22:45:33,9,Subscriber
327,6/12/2020 16:54:11,2/10/2044,1/16/2023 02:11:20,7,Zone
328,6/22/2022 13:17:05,5/27/2029,2/4/2021 17:25:23,61,Subscriber
329,10/28/2021 13:54:43,12/28/2038,8/30/2020 02:50:44,39,Zone
330,11/6/2020 13:13:54,2/17/2035,9/28/2022 20:04:18,49,Subscriber
331,5/30/2020 09:59:38,8/17/2032,null,97,Zone
332,1/6/2022 21:38:26,11/16/2026,11/15/2022 15:22:04,48,Zone
333,11/9/2020 09:49:42,5/22/2045,null,77,Zone
334,4/1/2023 15:45:22,9/10/2042,1/17/2022 17:48:47,43,Zone
335,12/21/2021 23:09:30,12/14/2044,4/14/2022 09:11:50,44,Zone
336,6/9/2023 20:23:40,9/13/2035,5/28/2021 04:58:49,35,Zone
337,2/27/2023 09:37:52,2/15/2048,null,99,Zone
338,10/29/2021 07:39:36,2/14/2033,null,59,Zone
339,1/7/2020 19:17:20,6/8/2046,null,13,Zone
340,9/7/2021 01:23:23,2/27/2045,null,96,Zone
341,1/21/2022 09:37:38,5/6/2044,3/6/2023 06:56:17,47,Subscriber
342,7/9/2020 02:02:17,7/5/2049,6/14/2023 06:15:25,74,Zone
343,2/10/2021 22:51:46,5/17/2037,2/6/2023 21:51:06,20,Zone
344,10/15/2021 21:38:46,3/8/2041,null,56,Zone
345,7/15/2021 09:49:51,11/5/2034,8/23/2022 18:26:56,70,Zone
346,5/19/2020 05:09:47,12/16/2046,5/4/2023 09:27:54,83,Zone
347,10/19/2022 03:28:24,4/10/2049,null,93,Subscriber
348,5/21/2022 20:02:23,2/8/2031,9/6/2022 01:35:45,55,Zone
349,1/6/2023 18:07:21,8/3/2050,5/19/2020 06:33:24,27,Zone
350,1/16/2023 17:11:46,7/7/2031,null,41,Zone
351,10/26/2022 12:38:18,4/9/2032,7/31/2020 20:50:16,73,Zone
352,1/30/2023 22:47:09,4/23/2028,6/13/2022 18:40:31,45,Subscriber
353,10/9/2021 02:42:21,3/25/2039,6/19/2021 15:49:35,55,Zone
354,3/14/2022 13:09:20,12/5/2026,5/25/2023 17:05:22,93,Zone
355,2/3/2021 16:29:22,11/3/2044,1/22/2023 19:15:54,24,Zone
356,2/25/2021 09:35:07,7/5/2035,4/13/2020 19:55:45,37,Zone
357,1/3/2021 00:34:12,1/7/2043,null,4,Zone
358,4/3/2020 23:30:59,3/2/2041,4/23/2020 00:16:06,91,Zone
359,8/1/2022 11:02:05,11/26/2049,4/29/2021 04:33:42,82,Zone
360,1/23/2022 05:13:08,5/14/2040,null,51,Zone
361,4/20/2022 04:28:43,2/8/2036,12/6/2021 17:42:31,40,Zone
362,9/9/2021 22:18:10,7/22/2030,null,63,Zone
363,12/30/2020 14:19:48,10/29/2029,11/3/2021 06:55:49,88,Zone
364,5/23/2021 02:16:37,5/9/2045,8/25/2021 20:21:44,49,Zone
365,9/23/2022 14:33:58,2/2/2046,12/20/2020 02:14:21,68,Zone
366,10/9/2021 10:07:50,12/16/2049,2/1/2022 12:38:08,69,Zone
367,11/19/2020 11:26:58,12/31/2040,8/11/2020 04:53:53,24,Zone
368,1/12/2021 18:13:35,1/31/2028,1/25/2023 11:40:38,85,Zone
369,9/11/2021 22:42:58,1/27/2030,3/2/2022 05:36:36,26,Zone
370,10/7/2020 11:52:42,4/22/2035,5/6/2021 13:13:06,10,Zone
371,8/6/2022 04:07:23,6/9/2048,null,3,Zone
372,9/11/2021 17:37:51,8/12/2031,2/12/2022 15:25:12,97,Zone
373,4/18/2020 23:32:22,3/21/2038,5/9/2020 07:16:36,31,Zone
374,7/23/2020 03:44:56,7/8/2047,null,72,Zone
375,8/28/2021 09:12:35,8/9/2044,7/15/2021 22:08:37,94,Zone
376,3/21/2023 11:39:29,8/8/2032,12/5/2022 06:06:25,15,Zone
377,10/25/2020 12:11:45,10/9/2028,null,13,Zone
378,10/22/2021 12:16:31,2/20/2025,null,1,Subscriber
379,1/11/2023 10:09:01,10/7/2031,10/7/2020 00:29:34,25,Zone
380,4/7/2022 02:09:37,3/29/2025,null,27,Zone
381,2/8/2022 09:49:46,3/21/2038,11/10/2021 15:48:30,78,Zone
382,10/28/2021 12:41:19,8/12/2046,1/15/2021 15:28:51,83,Subscriber
383,10/9/2020 14:58:02,2/23/2032,3/25/2020 16:21:46,72,Zone
384,4/12/2023 11:36:07,6/8/2044,4/26/2021 06:58:25,96,Zone
385,7/25/2020 05:20:23,4/3/2024,2/13/2021 02:33:33,7,Zone
386,1/6/2021 19:08:52,8/9/2031,9/12/2020 02:20:06,84,Zone
387,10/9/2022 15:38:56,10/31/2031,null,6,Zone
388,11/6/2021 08:44:50,6/6/2032,10/8/2021 16:05:57,39,Subscriber
389,3/18/2023 00:16:50,12/15/2046,null,81,Zone
390,4/9/2021 18:53:37,6/10/2031,1/13/2021 05:32:15,69,Zone
391,4/30/2023 15:36:58,8/12/2043,3/17/2020 20:45:18,50,Zone
392,1/5/2020 00:03:33,5/20/2050,null,49,Subscriber
393,9/9/2021 05:05:39,12/27/2041,null,79,Zone
394,9/1/2021 22:29:36,5/16/2035,4/22/2022 07:54:12,58,Zone
395,10/15/2021 06:24:45,6/5/2028,4/20/2021 05:39:09,64,Zone
396,12/22/2021 00:28:59,7/19/2029,2/2/2021 05:20:19,1,Zone
397,6/10/2023 02:56:56,3/22/2049,null,18,Zone
398,12/3/2022 21:04:23,2/28/2032,3/4/2023 23:28:01,20,Zone
399,7/18/2021 06:21:10,4/26/2043,null,43,Zone
400,1/30/2021 07:54:48,3/20/2033,1/27/2022 23:51:48,84,Zone
401,5/18/2022 03:24:13,12/17/2024,4/2/2022 13:45:45,14,Subscriber
402,11/23/2020 14:04:42,12/8/2037,null,4,Zone
403,6/3/2023 16:24:07,1/6/2049,1/28/2022 00:32:25,33,Zone
404,10/6/2021 17:01:41,10/4/2024,4/10/2021 09:17:32,92,Zone
405,12/4/2020 13:25:56,9/18/2027,1/5/2021 06:52:14,86,Zone
406,6/18/2022 19:18:27,10/22/2036,2/5/2023 07:22:30,48,Zone
407,4/7/2022 02:40:12,9/30/2023,1/3/2020 11:10:36,16,Zone
408,4/6/2023 09:35:52,10/3/2023,5/9/2023 09:45:21,8,Zone
409,2/26/2022 23:23:23,12/30/2050,3/22/2020 21:50:46,10,Zone
410,11/5/2020 13:16:14,6/26/2025,5/9/2023 22:41:23,56,Zone
411,1/10/2023 23:19:02,9/9/2037,5/31/2023 06:23:18,35,Zone
412,9/3/2020 07:53:30,4/27/2028,6/20/2021 22:59:47,97,Zone
413,10/8/2021 14:35:54,10/15/2046,12/31/2022 12:21:54,60,Zone
414,9/10/2022 17:16:58,10/3/2043,1/18/2023 02:38:30,29,Zone
415,5/31/2021 03:34:08,5/16/2041,7/8/2020 21:34:11,86,Zone
416,10/24/2022 11:00:24,1/14/2039,null,4,Zone
417,5/20/2020 12:23:26,8/16/2023,7/2/2022 16:18:39,48,Zone
418,6/25/2022 23:33:42,12/23/2029,11/23/2022 09:20:52,10,Zone
419,2/7/2020 18:11:02,11/1/2049,null,96,Zone
420,6/1/2021 20:15:24,12/27/2027,null,7,Zone
421,2/2/2022 19:06:43,8/25/2032,1/7/2021 05:29:55,6,Zone
422,1/17/2021 01:40:31,2/28/2045,7/22/2020 15:40:13,27,Zone
423,10/22/2020 01:18:38,1/5/2031,null,33,Zone
424,3/1/2023 00:08:29,10/10/2046,10/14/2021 13:53:55,14,Zone
425,6/4/2023 00:32:03,6/23/2046,3/8/2023 04:03:58,73,Subscriber
426,6/13/2023 12:49:27,1/15/2032,1/21/2020 11:45:58,9,Zone
427,6/23/2020 03:17:03,7/15/2024,4/19/2022 10:14:55,46,Zone
428,3/18/2021 01:04:49,5/5/2038,5/18/2023 06:58:28,77,Zone
429,2/27/2023 23:45:01,9/14/2048,3/23/2020 19:35:16,69,Zone
430,11/23/2021 03:57:42,11/20/2033,null,5,Subscriber
431,4/16/2022 13:34:34,11/14/2039,null,19,Zone
432,5/15/2022 00:57:32,6/20/2034,3/12/2022 15:21:45,83,Zone
433,2/25/2022 17:18:38,4/26/2036,10/16/2020 19:37:15,24,Zone
434,9/1/2021 14:02:57,7/19/2035,3/25/2020 01:55:19,14,Zone
435,9/3/2021 02:53:23,10/21/2027,11/1/2022 13:52:18,91,Zone
436,10/8/2021 15:27:03,4/17/2027,null,59,Zone
437,1/3/2021 02:48:57,12/15/2038,1/28/2022 13:37:03,50,Zone
438,2/18/2020 04:17:22,4/17/2049,3/9/2020 13:28:37,40,Zone
439,6/28/2022 13:21:14,10/17/2027,8/5/2022 04:12:52,53,Zone
440,5/16/2021 08:11:50,8/21/2025,7/29/2022 01:12:02,76,Zone
441,6/16/2023 08:51:45,2/7/2024,5/27/2021 15:01:47,35,Zone
442,8/8/2021 05:06:15,1/25/2025,1/13/2020 09:18:03,56,Zone
443,8/18/2022 15:20:23,12/2/2035,3/16/2021 02:53:31,32,Zone
444,6/27/2020 07:10:05,11/19/2040,null,96,Zone
445,8/7/2021 16:24:42,11/17/2050,null,10,Zone
446,3/1/2021 17:58:34,3/24/2047,5/7/2021 00:58:31,97,Subscriber
447,5/28/2022 14:18:55,3/21/2031,5/7/2022 20:32:54,32,Zone
448,10/21/2021 23:27:40,4/21/2034,5/23/2023 10:26:20,37,Zone
449,10/19/2020 15:45:31,10/6/2038,2/3/2022 09:37:58,1,Zone
450,9/2/2022 21:34:53,5/23/2041,null,99,Zone
451,8/17/2022 09:37:43,7/5/2039,3/26/2020 12:25:59,41,Zone
452,5/23/2022 09:35:48,6/27/2026,9/26/2020 11:52:28,10,Zone
453,5/10/2020 06:48:59,10/20/2034,null,43,Zone
454,1/17/2023 19:24:18,9/6/2041,11/5/2020 16:19:34,38,Zone
455,4/4/2020 23:29:10,1/23/2025,8/1/2022 14:23:56,59,Zone
456,3/19/2023 10:59:01,1/3/2039,null,23,Zone
457,6/3/2022 23:06:12,7/26/2033,2/13/2021 10:04:41,15,Zone
458,2/9/2020 13:33:30,7/4/2043,7/17/2022 06:19:28,71,Zone
459,2/20/2022 11:00:41,2/24/2028,null,94,Zone
460,10/30/2020 17:25:57,1/30/2036,1/16/2020 16:30:13,14,Zone
461,5/19/2021 14:18:42,5/13/2042,null,79,Subscriber
462,8/21/2020 00:26:19,8/13/2042,2/2/2021 13:52:49,42,Zone
463,3/14/2021 04:44:01,11/7/2027,10/20/2022 05:20:48,89,Zone
464,2/26/2020 16:37:50,7/29/2040,3/23/2020 12:24:19,2,Zone
465,1/21/2020 14:40:51,6/7/2030,7/21/2022 18:10:59,28,Zone
466,10/10/2021 22:49:13,7/17/2031,6/12/2023 21:10:02,79,Subscriber
467,10/20/2022 22:33:12,8/12/2047,3/2/2023 04:45:16,33,Zone
468,1/24/2023 05:04:08,6/21/2031,10/5/2021 18:22:14,5,Zone
469,5/10/2021 19:15:14,5/8/2034,5/13/2020 23:43:20,35,Zone
470,2/12/2022 20:28:07,11/12/2038,12/13/2022 07:08:07,93,Zone
471,6/19/2020 13:47:13,11/26/2041,5/27/2020 14:21:54,11,Zone
472,6/27/2022 17:27:02,6/8/2035,3/18/2023 20:21:07,80,Zone
473,11/27/2021 21:01:55,4/25/2035,null,18,Zone
474,7/5/2020 14:46:00,2/14/2039,null,86,Zone
475,7/29/2020 19:17:23,5/6/2026,3/30/2023 06:51:01,43,Subscriber
476,3/19/2021 06:19:08,11/30/2024,12/15/2020 00:52:11,97,Subscriber
477,9/13/2022 03:33:18,1/11/2033,7/27/2022 08:53:15,33,Zone
478,3/23/2023 01:21:30,11/5/2043,12/27/2020 06:12:25,93,Zone
479,12/11/2020 10:02:53,7/26/2030,6/12/2022 08:41:48,35,Zone
480,5/16/2022 16:33:41,9/2/2044,1/27/2020 10:55:03,10,Zone
481,12/13/2020 04:39:34,1/6/2035,8/29/2022 06:23:15,71,Zone
482,9/17/2020 02:34:37,6/27/2029,9/13/2020 14:59:26,15,Zone
483,3/28/2023 11:17:16,4/15/2043,5/31/2020 15:19:58,44,Zone
484,4/27/2021 01:59:39,12/18/2035,6/2/2023 03:06:53,76,Zone
485,12/2/2022 22:05:45,11/8/2043,8/12/2022 02:28:24,35,Zone
486,8/22/2022 19:24:05,1/28/2049,null,34,Zone
487,3/22/2021 09:06:30,8/6/2036,11/26/2021 16:05:36,79,Zone
488,12/17/2020 07:58:19,4/2/2037,8/16/2022 08:17:24,13,Zone
489,2/16/2023 20:50:36,8/6/2023,4/11/2022 01:22:57,36,Zone
490,3/17/2023 17:01:41,3/7/2024,4/26/2020 16:07:37,90,Zone
491,4/27/2023 10:35:49,12/1/2031,3/3/2022 18:26:06,72,Zone
492,6/9/2020 18:12:42,11/16/2023,null,61,Zone
493,8/24/2020 01:07:37,2/1/2049,null,93,Zone
494,11/24/2021 05:17:09,7/19/2024,null,90,Zone
495,4/24/2021 04:35:33,2/26/2036,12/26/2021 23:05:36,34,Zone
496,6/5/2021 11:04:37,9/14/2041,null,96,Zone
497,6/7/2023 06:01:54,6/22/2038,4/6/2020 10:53:32,8,Zone
498,4/3/2021 11:33:01,7/23/2029,12/23/2022 07:11:20,13,Zone
499,2/12/2021 01:56:36,11/11/2030,8/9/2020 12:21:33,87,Zone
500,4/29/2023 00:58:10,4/18/2047,10/4/2021 16:15:02,22,Zone
501,6/5/2020 23:35:55,7/19/2029,5/18/2022 21:23:41,15,Zone
502,3/21/2021 16:30:21,12/3/2026,9/2/2020 01:51:13,80,Zone
503,8/4/2020 14:40:23,11/24/2033,12/22/2022 19:25:52,32,Zone
504,5/14/2022 22:27:18,11/5/2050,4/4/2023 19:28:21,99,Zone
505,2/5/2021 16:58:56,7/7/2044,1/18/2023 22:55:15,11,Zone
506,1/1/2022 07:51:03,2/13/2048,3/8/2020 03:41:19,69,Subscriber
507,8/24/2020 20:58:44,7/4/2038,2/2/2023 06:03:14,78,Zone
508,3/3/2020 14:22:27,11/15/2050,6/15/2020 08:38:00,57,Zone
509,10/20/2020 15:31:40,6/8/2032,null,61,Zone
510,7/3/2020 21:55:54,12/20/2032,7/4/2022 01:08:34,57,Zone
511,1/19/2022 07:03:21,6/27/2050,null,35,Zone
512,6/28/2022 23:46:37,4/20/2040,4/9/2021 06:19:36,72,Zone
513,1/10/2023 10:16:09,11/22/2046,6/16/2022 03:57:46,86,Zone
514,2/5/2021 01:57:39,1/22/2044,5/22/2023 15:42:31,1,Subscriber
515,3/19/2022 02:51:22,1/1/2044,9/26/2021 08:32:55,85,Zone
516,12/18/2022 07:17:34,3/7/2027,null,73,Subscriber
517,9/23/2021 14:13:58,2/20/2024,5/16/2022 08:23:01,27,Zone
518,1/13/2023 22:56:30,10/27/2026,6/8/2020 01:34:48,99,Zone
519,8/10/2021 06:44:20,5/9/2039,null,25,Zone
520,2/21/2023 17:06:54,7/27/2047,3/17/2023 23:40:33,35,Zone
521,12/23/2020 20:14:03,3/23/2049,null,61,Zone
522,4/15/2022 13:21:51,5/20/2050,null,51,Zone
523,12/11/2021 02:44:37,10/8/2029,null,72,Zone
524,5/2/2020 20:07:46,2/14/2026,null,87,Zone
525,2/6/2022 17:12:52,12/30/2030,9/4/2022 07:02:52,51,Zone
526,8/28/2020 05:31:16,12/29/2048,7/15/2022 07:56:31,2,Zone
527,5/6/2022 15:40:30,9/25/2038,10/6/2022 20:31:48,24,Zone
528,7/20/2021 14:23:55,6/17/2042,2/2/2022 05:15:01,7,Zone
529,2/22/2023 06:20:31,10/23/2033,5/6/2023 10:47:39,91,Zone
530,5/4/2020 20:56:00,8/12/2039,6/26/2021 09:18:07,100,Zone
531,7/9/2021 21:38:22,3/20/2046,9/10/2021 05:11:20,79,Zone
532,5/29/2023 13:37:46,2/23/2028,5/12/2022 03:35:29,31,Zone
533,4/16/2022 01:57:24,7/8/2036,10/11/2020 20:48:58,91,Zone
534,2/19/2023 18:02:01,7/9/2033,2/11/2020 19:43:41,80,Zone
535,8/9/2020 22:44:51,11/26/2045,8/13/2022 06:15:35,39,Zone
536,3/17/2021 13:38:17,3/8/2048,9/27/2022 16:45:31,88,Zone
537,5/10/2020 04:34:39,3/18/2049,3/18/2021 10:34:42,65,Zone
538,12/21/2022 21:03:59,4/27/2040,1/29/2021 10:53:17,57,Zone
539,1/16/2020 05:49:26,8/23/2026,1/14/2021 12:41:31,46,Zone
540,11/17/2022 07:38:42,11/15/2027,null,87,Zone
541,6/16/2021 18:27:25,3/8/2024,8/24/2022 01:52:25,44,Zone
542,9/11/2022 22:36:43,11/10/2049,12/11/2021 21:21:18,45,Zone
543,5/22/2023 03:00:54,8/10/2045,6/2/2023 06:55:01,81,Zone
544,12/27/2022 13:11:13,6/20/2036,2/24/2020 13:46:22,24,Zone
545,4/14/2023 22:49:21,11/16/2036,10/10/2022 20:41:14,14,Zone
546,11/4/2020 07:19:00,8/26/2047,5/14/2022 16:01:59,51,Zone
547,5/27/2022 08:08:41,5/11/2039,null,44,Zone
548,3/22/2023 14:19:12,3/14/2039,5/7/2023 13:12:02,21,Subscriber
549,8/16/2021 11:56:41,6/1/2050,5/2/2022 05:07:53,95,Subscriber
550,3/3/2020 15:55:54,10/15/2030,null,16,Zone
551,2/24/2022 13:39:52,2/9/2043,11/19/2021 09:40:55,68,Zone
552,4/10/2022 23:44:46,12/26/2045,9/14/2020 18:44:22,33,Zone
553,5/2/2023 20:28:47,5/11/2025,12/24/2020 12:27:39,38,Subscriber
554,5/23/2022 01:13:09,8/24/2024,null,24,Subscriber
555,10/21/2022 09:55:41,10/22/2045,8/23/2021 06:37:08,56,Zone
556,11/21/2022 03:40:22,8/16/2024,null,77,Zone
557,9/12/2022 05:25:17,8/28/2034,1/8/2023 02:49:27,57,Zone
558,3/28/2021 12:12:54,3/22/2029,5/11/2021 11:33:53,13,Zone
559,7/14/2021 09:22:14,1/25/2036,null,86,Zone
560,12/22/2021 21:29:58,10/27/2032,3/29/2023 03:00:41,40,Zone
561,11/6/2020 10:40:33,1/3/2029,4/3/2022 03:19:28,15,Zone
562,2/19/2022 13:00:41,11/28/2029,8/24/2021 14:12:46,46,Zone
563,6/11/2022 23:40:50,11/12/2027,10/12/2020 13:09:46,41,Zone
564,1/14/2020 06:13:16,3/10/2044,3/7/2023 20:56:58,88,Zone
565,7/21/2021 19:53:53,12/25/2029,10/6/2020 03:01:39,70,Zone
566,12/1/2022 23:38:02,3/21/2045,3/30/2020 20:29:28,37,Zone
567,10/14/2020 14:17:01,12/28/2049,8/9/2020 02:51:22,71,Zone
568,3/31/2021 12:53:55,1/29/2035,5/20/2023 22:29:27,74,Zone
569,9/25/2021 04:59:51,11/3/2028,4/24/2021 21:55:57,48,Zone
570,8/13/2021 14:21:17,4/2/2033,null,81,Zone
571,3/19/2021 02:53:17,12/25/2036,2/24/2020 04:44:51,1,Zone
572,5/10/2020 01:54:07,1/29/2046,12/9/2020 08:28:29,97,Zone
573,9/20/2020 19:44:11,8/29/2037,1/25/2021 09:23:35,90,Zone
574,3/19/2023 11:05:16,5/25/2050,null,69,Zone
575,2/4/2023 10:26:40,2/22/2033,12/31/2022 17:52:34,54,Zone
576,3/16/2023 19:44:20,10/9/2035,null,63,Zone
577,3/29/2021 09:04:13,3/10/2025,null,64,Zone
578,6/8/2020 01:36:14,11/4/2049,7/19/2022 00:41:34,31,Zone
579,5/13/2022 20:31:38,8/18/2029,6/16/2022 00:33:30,69,Zone
580,11/17/2021 12:40:47,12/24/2039,12/26/2022 03:00:22,27,Zone
581,9/9/2021 12:41:31,4/1/2045,3/27/2020 01:54:58,28,Zone
582,5/11/2022 16:53:30,5/13/2048,11/7/2021 11:07:04,77,Zone
583,1/15/2022 12:25:36,7/3/2034,12/4/2021 15:05:43,94,Zone
584,3/18/2021 10:09:55,2/9/2026,8/21/2020 16:06:37,98,Zone
585,7/31/2022 16:26:12,10/24/2040,3/10/2021 00:51:04,57,Zone
586,11/20/2022 02:38:37,5/18/2035,5/4/2021 17:09:11,85,Zone
587,11/30/2021 00:32:10,7/30/2025,null,96,Zone
588,9/4/2020 02:54:21,6/13/2028,1/3/2020 04:28:39,30,Zone
589,6/14/2022 16:18:02,11/23/2029,null,57,Zone
590,3/3/2022 23:00:55,3/12/2025,null,49,Zone
591,2/28/2021 10:46:48,12/9/2034,9/29/2021 17:14:46,37,Zone
592,11/19/2022 18:51:47,10/19/2044,8/12/2020 03:01:42,4,Zone
593,8/28/2020 04:50:52,9/4/2047,null,55,Zone
594,5/22/2023 15:28:57,6/8/2042,12/12/2021 12:03:17,7,Zone
595,5/20/2022 14:31:37,9/12/2031,10/14/2021 17:02:24,52,Zone
596,9/13/2022 18:15:52,11/25/2025,10/8/2020 22:58:53,62,Zone
597,8/21/2022 23:09:47,11/1/2044,null,86,Subscriber
598,12/26/2021 16:56:03,4/19/2048,3/20/2022 01:06:58,61,Zone
599,8/13/2021 21:37:39,4/7/2046,11/28/2021 13:30:49,1,Zone
600,5/8/2023 01:12:20,9/23/2041,11/15/2020 10:45:38,43,Subscriber
601,4/19/2021 15:29:15,12/9/2040,5/9/2022 10:45:21,55,Zone
602,3/19/2022 20:42:35,11/5/2027,6/14/2021 14:19:55,49,Zone
603,5/7/2023 20:37:02,10/26/2025,null,41,Zone
604,10/31/2022 20:04:55,11/24/2043,4/16/2023 01:03:13,51,Zone
605,7/7/2020 21:00:58,7/3/2028,6/20/2021 22:47:32,62,Zone
606,2/24/2020 17:14:22,6/23/2030,12/13/2020 12:10:31,80,Zone
607,6/19/2020 05:07:33,10/22/2023,7/7/2021 04:28:16,9,Zone
608,4/6/2022 13:02:46,5/18/2047,6/10/2022 02:15:49,32,Zone
609,12/2/2020 12:50:40,9/18/2048,7/5/2022 03:27:37,79,Zone
610,9/18/2020 18:45:37,2/28/2034,2/5/2023 11:24:49,86,Zone
611,1/26/2020 17:30:55,8/26/2049,null,80,Zone
612,4/29/2021 03:44:23,4/17/2046,5/1/2020 09:50:09,91,Subscriber
613,3/6/2022 02:25:39,8/6/2038,10/10/2020 20:36:58,44,Zone
614,11/9/2022 07:43:03,5/18/2049,null,88,Zone
615,4/12/2022 00:21:02,7/23/2035,null,74,Zone
616,12/22/2022 23:01:26,2/19/2037,1/20/2020 03:08:51,17,Zone
617,5/29/2022 16:28:46,9/18/2042,null,62,Zone
618,3/26/2022 04:14:30,1/23/2029,7/31/2021 23:27:43,58,Zone
619,6/28/2022 13:23:06,3/3/2026,8/15/2022 23:59:39,97,Zone
620,4/14/2022 04:44:21,11/1/2030,7/28/2022 14:26:58,41,Zone
621,8/19/2022 13:47:28,3/31/2035,4/11/2020 15:20:06,11,Zone
622,10/2/2020 09:44:37,8/11/2044,8/16/2021 15:20:52,53,Zone
623,9/19/2021 03:23:05,10/1/2023,3/14/2022 05:08:39,10,Zone
624,2/2/2022 21:51:47,1/31/2031,4/9/2022 15:44:11,1,Zone
625,7/5/2022 07:13:45,5/14/2031,1/29/2021 19:06:14,40,Zone
626,7/5/2021 05:07:46,2/17/2049,12/23/2021 13:09:18,54,Zone
627,1/28/2021 15:44:35,3/7/2031,2/4/2022 23:42:24,62,Zone
628,1/17/2020 21:53:56,4/17/2025,2/17/2023 15:17:06,29,Zone
629,12/9/2020 22:26:16,5/15/2032,5/16/2020 18:05:47,64,Zone
630,1/9/2023 14:27:56,10/16/2027,1/19/2022 23:31:15,52,Zone
631,3/25/2020 02:42:10,3/21/2031,10/23/2021 07:14:58,68,Zone
632,8/5/2022 11:14:03,8/21/2048,null,74,Zone
633,4/11/2023 11:37:26,6/5/2040,7/21/2021 17:16:49,60,Zone
634,3/26/2021 14:43:30,3/7/2029,3/20/2023 13:09:19,48,Zone
635,2/6/2022 19:57:15,2/28/2039,null,67,Zone
636,8/3/2020 13:14:32,3/9/2033,null,34,Zone
637,1/22/2020 04:50:37,10/12/2024,11/12/2022 07:14:21,39,Subscriber
638,6/2/2023 06:37:26,3/21/2037,7/2/2022 07:58:49,62,Zone
639,1/1/2020 22:17:58,9/21/2036,null,11,Zone
640,11/20/2021 21:45:55,4/25/2039,7/16/2021 13:04:36,33,Zone
641,2/23/2021 18:13:31,3/30/2037,null,21,Zone
642,11/15/2020 06:57:08,5/18/2048,1/13/2021 01:01:39,6,Subscriber
643,3/11/2023 07:23:26,3/20/2032,6/1/2021 05:10:29,68,Zone
644,3/10/2020 02:22:57,12/21/2028,6/18/2021 19:13:37,51,Subscriber
645,3/26/2021 19:32:05,4/15/2030,11/27/2021 10:07:26,65,Zone
646,3/20/2022 05:24:26,2/2/2044,12/8/2020 13:39:53,49,Zone
647,11/23/2020 01:40:10,6/6/2036,12/21/2021 19:12:09,54,Subscriber
648,9/20/2022 02:24:14,2/19/2025,8/24/2020 09:18:59,64,Zone
649,4/26/2021 04:14:43,8/28/2041,1/29/2021 07:23:08,88,Zone
650,6/7/2020 08:00:25,7/24/2023,null,88,Zone
651,3/22/2022 20:32:29,10/16/2028,5/18/2023 19:02:33,69,Zone
652,1/25/2022 09:17:54,8/6/2025,3/24/2023 01:01:39,10,Zone
653,11/7/2020 15:02:08,6/15/2041,10/3/2021 13:39:33,54,Zone
654,10/19/2022 17:42:55,11/15/2025,10/4/2021 10:48:10,15,Zone
655,4/11/2020 12:20:00,1/2/2029,4/27/2021 03:31:31,62,Zone
656,4/24/2020 19:58:06,3/24/2039,null,15,Zone
657,8/23/2022 05:59:32,9/3/2033,null,70,Zone
658,9/10/2022 11:03:00,8/20/2037,10/6/2022 23:26:55,17,Zone
659,8/27/2020 22:30:04,9/8/2034,2/29/2020 23:44:09,56,Zone
660,8/28/2021 14:12:15,9/1/2037,4/16/2023 05:26:52,85,Subscriber
661,2/19/2023 14:32:23,5/11/2044,8/13/2022 10:56:25,20,Subscriber
662,3/4/2022 19:32:15,12/15/2033,3/12/2020 12:16:42,7,Zone
663,2/10/2021 16:24:03,6/21/2037,null,48,Zone
664,10/11/2020 06:58:27,1/28/2033,1/30/2021 23:37:36,19,Zone
665,7/22/2021 17:03:27,2/12/2034,null,55,Zone
666,3/15/2020 12:57:25,4/7/2037,6/2/2020 00:32:44,82,Zone
667,9/7/2021 04:03:20,3/8/2029,10/27/2021 10:26:49,54,Subscriber
668,2/5/2022 17:36:32,1/2/2034,5/15/2022 16:20:39,33,Subscriber
669,3/30/2022 12:16:00,12/21/2049,null,17,Zone
670,3/19/2022 22:31:06,10/28/2045,6/13/2023 18:40:16,51,Zone
671,5/25/2023 03:35:37,7/27/2042,null,12,Zone
672,11/30/2022 08:34:28,5/21/2040,10/4/2021 16:00:17,32,Zone
673,6/3/2022 21:42:07,7/16/2037,9/21/2021 04:45:35,56,Zone
674,12/7/2020 16:00:04,4/2/2036,2/9/2021 20:37:11,63,Zone
675,4/12/2023 01:04:57,8/3/2027,3/12/2022 20:48:28,16,Subscriber
676,9/24/2020 01:40:33,12/27/2026,2/1/2023 12:02:26,73,Zone
677,2/4/2023 07:50:28,7/20/2027,8/2/2021 02:03:10,46,Zone
678,5/30/2020 09:52:04,6/26/2037,7/25/2021 02:35:17,43,Zone
679,10/28/2022 13:30:16,5/11/2037,null,75,Zone
680,8/25/2021 10:04:01,3/20/2026,1/2/2021 20:35:37,79,Subscriber
681,3/30/2020 21:37:37,8/11/2035,2/18/2022 15:17:08,23,Zone
682,4/17/2022 15:42:09,7/14/2024,10/4/2020 18:06:51,34,Zone
683,4/2/2020 14:23:29,9/9/2047,null,39,Zone
684,12/29/2020 22:44:29,10/1/2049,8/13/2022 01:18:30,89,Zone
685,5/28/2021 23:58:16,6/14/2036,2/5/2022 07:07:18,43,Zone
686,10/6/2020 16:07:20,8/28/2041,3/31/2022 00:58:31,6,Subscriber
687,2/24/2021 10:36:12,10/16/2036,null,48,Zone
688,10/8/2022 02:47:30,7/3/2033,12/15/2022 16:35:20,64,Zone
689,12/15/2020 06:08:47,1/13/2042,6/22/2022 00:47:38,25,Zone
690,5/15/2022 22:29:34,5/3/2049,5/12/2023 04:45:46,88,Subscriber
691,9/18/2021 18:13:28,2/23/2030,2/26/2021 01:48:18,5,Zone
692,10/27/2022 05:29:45,6/19/2044,null,16,Zone
693,11/1/2021 07:20:04,10/1/2024,null,98,Zone
694,11/27/2022 09:03:03,11/3/2033,3/15/2021 16:08:57,64,Zone
695,1/21/2020 20:52:24,7/9/2039,2/21/2020 07:24:04,79,Zone
696,7/13/2022 20:17:26,7/28/2028,1/2/2023 22:53:00,30,Zone
697,4/20/2021 17:29:34,7/17/2028,12/29/2020 15:13:04,36,Zone
698,9/14/2022 05:06:55,4/18/2031,null,51,Zone
699,12/19/2021 16:38:56,6/28/2049,9/16/2021 19:09:35,10,Zone
700,12/7/2021 13:00:45,4/5/2048,5/20/2023 06:29:10,57,Zone
701,3/29/2022 06:50:21,11/9/2046,4/1/2021 08:54:13,88,Zone
702,6/10/2022 21:06:30,5/31/2029,2/9/2023 04:03:37,17,Zone
703,12/15/2021 12:23:26,6/25/2041,2/11/2022 12:28:25,96,Zone
704,6/12/2023 18:59:15,2/20/2025,11/28/2022 08:58:58,42,Zone
705,7/10/2020 22:53:52,1/22/2038,null,35,Zone
706,9/4/2020 19:14:23,7/12/2038,2/5/2022 22:54:35,68,Zone
707,8/5/2020 06:32:02,3/20/2049,null,70,Zone
708,4/26/2022 20:13:59,4/13/2029,null,47,Zone
709,1/16/2023 18:26:47,12/10/2037,4/29/2020 12:10:46,61,Zone
710,5/7/2020 05:31:08,9/4/2047,11/17/2021 07:02:36,30,Zone
711,6/21/2021 03:29:03,8/27/2049,12/22/2022 12:01:43,6,Zone
712,4/23/2021 07:53:50,5/11/2039,1/21/2022 07:20:18,100,Zone
713,9/12/2020 07:04:13,4/28/2035,4/9/2022 01:26:15,21,Zone
714,5/27/2020 21:13:59,2/20/2048,1/9/2020 11:21:29,22,Zone
715,12/4/2021 10:35:51,3/7/2027,9/16/2021 19:26:41,35,Subscriber
716,12/8/2020 06:25:24,3/10/2030,1/21/2021 08:54:00,11,Zone
717,7/5/2022 10:57:44,3/27/2048,11/29/2020 06:44:39,14,Zone
718,4/13/2020 20:51:48,6/11/2034,4/24/2021 02:38:32,11,Zone
719,11/10/2022 02:35:08,5/4/2034,null,52,Zone
720,9/2/2021 01:37:53,12/30/2033,null,23,Zone
721,5/16/2023 15:45:56,12/23/2033,11/16/2020 15:58:01,80,Zone
722,4/8/2022 03:30:00,2/26/2024,null,10,Subscriber
723,4/8/2021 15:55:39,5/14/2040,8/23/2020 02:14:43,19,Zone
724,3/18/2023 20:37:10,10/17/2041,11/13/2021 23:33:02,26,Zone
725,4/18/2022 23:24:17,8/5/2047,1/13/2023 16:38:27,17,Zone
726,9/20/2022 05:55:45,2/26/2040,2/12/2021 11:26:40,64,Subscriber
727,6/11/2022 11:56:23,6/23/2047,null,86,Zone
728,10/16/2022 09:34:57,2/6/2030,null,12,Zone
729,6/5/2021 02:28:33,10/6/2028,null,22,Zone
730,5/26/2021 07:22:42,11/12/2050,11/19/2022 01:34:49,67,Zone
731,10/24/2022 14:13:09,9/16/2044,10/27/2020 05:16:18,81,Zone
732,4/2/2020 10:07:40,4/7/2038,6/9/2020 05:04:28,77,Subscriber
733,2/26/2023 10:49:32,8/9/2034,7/9/2020 13:48:11,17,Zone
734,1/12/2020 13:25:09,11/24/2029,5/30/2022 22:40:01,9,Zone
735,6/30/2022 04:29:46,8/6/2049,4/19/2023 15:10:03,61,Zone
736,5/30/2022 12:39:02,11/10/2033,12/11/2022 13:50:54,68,Zone
737,9/3/2020 22:03:35,4/8/2032,11/2/2020 23:14:24,60,Zone
738,4/11/2020 13:53:33,2/11/2041,3/20/2021 20:47:09,64,Zone
739,7/21/2022 05:36:07,2/17/2044,4/25/2020 19:39:56,25,Zone
740,4/16/2020 16:07:23,10/28/2048,1/26/2023 23:42:17,21,Zone
741,10/16/2022 17:41:46,7/1/2026,5/14/2021 19:17:35,17,Subscriber
742,3/21/2021 16:44:22,10/21/2042,12/14/2022 04:47:50,69,Zone
743,3/6/2021 02:06:20,3/18/2048,4/12/2021 03:16:24,46,Zone
744,10/9/2022 06:32:41,3/28/2044,null,100,Subscriber
745,12/6/2020 17:08:01,3/15/2041,2/22/2022 18:59:09,8,Zone
746,10/27/2021 17:46:04,9/8/2038,7/8/2022 17:57:10,76,Zone
747,3/18/2022 05:15:18,1/6/2030,7/12/2021 18:28:59,8,Zone
748,6/3/2023 18:20:37,6/1/2046,8/10/2020 14:10:28,58,Zone
749,5/27/2021 02:50:37,8/24/2038,3/15/2020 21:11:47,75,Zone
750,6/8/2022 18:18:31,5/17/2030,null,88,Zone
751,1/12/2022 00:34:32,10/25/2025,12/7/2022 04:14:12,14,Zone
752,1/5/2021 15:53:54,10/21/2031,4/15/2020 02:26:09,90,Zone
753,1/10/2022 17:59:56,9/17/2024,9/16/2021 01:27:59,38,Zone
754,2/2/2023 04:39:00,9/16/2047,3/6/2020 08:05:10,76,Subscriber
755,4/19/2023 04:13:27,7/17/2043,3/2/2022 19:00:00,39,Zone
756,10/25/2022 01:33:42,10/7/2044,null,24,Zone
757,5/9/2023 00:21:35,10/14/2045,1/29/2023 23:40:30,13,Zone
758,9/12/2020 20:40:10,12/21/2033,1/11/2023 20:00:21,77,Zone
759,10/4/2021 11:39:57,5/9/2028,4/21/2020 17:44:21,81,Zone
760,4/27/2022 05:28:18,4/24/2040,7/4/2021 09:26:54,94,Zone
761,10/19/2021 23:10:10,10/12/2040,1/8/2023 01:20:53,33,Zone
762,6/27/2022 06:11:06,3/19/2024,10/15/2020 19:45:39,81,Zone
763,8/17/2021 16:21:46,7/27/2027,null,22,Subscriber
764,1/1/2020 08:15:57,7/10/2046,5/8/2022 18:09:23,13,Zone
765,5/28/2021 19:48:24,4/17/2039,null,34,Zone
766,3/17/2022 02:15:13,2/5/2039,8/31/2022 09:43:07,58,Zone
767,12/31/2020 13:45:09,4/10/2037,7/1/2021 06:27:40,81,Zone
768,2/17/2022 10:35:54,4/20/2040,null,48,Zone
769,1/31/2020 07:19:43,6/28/2031,3/28/2022 08:04:14,61,Zone
770,2/13/2020 07:44:50,9/2/2048,5/5/2023 11:17:07,93,Zone
771,1/13/2020 16:17:45,9/5/2041,8/9/2022 16:27:17,65,Subscriber
772,9/6/2021 13:04:03,4/22/2046,8/10/2021 02:34:36,87,Zone
773,12/26/2020 01:43:52,4/17/2026,7/10/2021 06:47:01,78,Zone
774,3/30/2023 17:43:53,5/21/2034,1/23/2020 02:43:58,38,Zone
775,7/2/2021 04:58:18,5/29/2050,5/20/2020 18:22:01,15,Zone
776,4/22/2022 07:52:30,8/26/2048,2/11/2022 00:08:58,50,Zone
777,4/25/2020 17:56:45,3/4/2032,2/3/2021 15:25:52,21,Zone
778,8/5/2022 05:59:48,4/4/2028,null,63,Zone
779,4/2/2021 05:59:15,7/15/2050,3/2/2020 01:43:30,73,Zone
780,9/23/2021 19:36:56,10/5/2024,9/21/2020 02:37:01,64,Zone
781,5/26/2023 12:24:31,8/16/2029,12/22/2020 21:22:31,74,Zone
782,9/20/2020 16:56:29,4/9/2031,8/29/2020 10:30:13,48,Zone
783,12/14/2022 20:02:52,3/30/2035,5/6/2023 08:21:33,80,Zone
784,2/13/2022 13:58:27,2/16/2049,null,60,Zone
785,3/13/2021 05:57:45,6/3/2025,5/4/2023 15:42:46,24,Zone
786,10/27/2021 04:01:04,7/27/2025,10/28/2020 06:36:57,17,Zone
787,2/4/2020 02:57:31,8/8/2030,12/26/2020 14:13:08,90,Zone
788,4/1/2020 06:42:40,6/2/2030,1/9/2021 12:51:31,58,Zone
789,3/3/2020 09:33:36,7/5/2048,5/12/2022 23:21:44,56,Zone
790,2/16/2022 12:12:08,7/24/2030,null,91,Zone
791,10/6/2022 03:42:13,12/26/2037,4/8/2020 03:17:02,98,Zone
792,4/26/2020 23:28:21,7/20/2047,4/28/2022 11:54:22,29,Zone
793,10/18/2021 20:37:03,11/9/2026,12/6/2020 08:12:48,30,Subscriber
794,8/12/2020 14:57:36,6/1/2042,3/4/2023 23:01:25,76,Zone
795,3/29/2023 12:34:48,11/24/2041,4/20/2021 17:26:05,8,Zone
796,6/2/2023 11:41:20,4/5/2030,6/3/2023 03:21:52,95,Zone
797,10/7/2020 03:07:43,7/14/2024,5/18/2023 20:05:28,79,Subscriber
798,3/15/2021 03:39:44,11/15/2049,null,26,Zone
799,10/16/2022 11:56:07,7/2/2027,null,81,Zone
800,11/3/2020 19:42:09,3/17/2025,null,27,Zone
801,2/5/2023 16:43:06,5/10/2050,1/6/2021 23:04:18,60,Zone
802,5/27/2023 06:04:07,2/10/2034,2/25/2023 09:12:14,86,Zone
803,3/9/2022 13:45:45,8/29/2033,12/20/2022 19:02:52,73,Zone
804,9/26/2020 04:29:45,5/29/2041,11/16/2020 20:17:35,68,Zone
805,8/9/2020 14:08:16,11/11/2027,2/6/2022 09:13:57,51,Zone
806,3/31/2022 22:59:58,4/9/2044,null,94,Zone
807,8/14/2021 11:54:56,9/19/2035,10/17/2020 18:11:13,47,Zone
808,7/25/2020 21:58:56,5/19/2041,null,37,Zone
809,1/14/2022 12:55:14,3/7/2041,11/9/2021 23:56:59,16,Zone
810,11/28/2022 10:38:43,2/26/2025,6/20/2021 00:43:25,92,Zone
811,9/20/2022 13:01:48,2/10/2043,9/12/2021 19:39:53,57,Zone
812,6/25/2021 02:23:25,10/10/2045,null,45,Zone
813,4/28/2021 14:08:44,6/17/2047,1/3/2022 16:51:52,3,Zone
814,3/7/2020 23:27:14,7/17/2025,5/24/2021 13:46:17,92,Zone
815,9/4/2021 04:44:48,5/10/2036,4/29/2021 04:12:57,57,Zone
816,11/29/2021 19:27:32,5/26/2050,null,34,Zone
817,12/21/2021 09:35:30,12/18/2026,3/15/2022 03:40:02,74,Zone
818,6/28/2020 17:10:23,8/20/2030,null,81,Zone
819,8/12/2020 02:23:52,8/25/2028,5/26/2020 20:35:23,45,Zone
820,11/29/2021 10:50:03,9/10/2031,4/6/2022 00:15:18,61,Zone
821,10/18/2022 03:51:26,1/15/2039,8/19/2022 20:39:33,6,Zone
822,2/18/2021 02:25:35,7/22/2031,null,3,Zone
823,1/27/2020 00:47:03,9/14/2036,10/10/2021 16:23:25,82,Zone
824,3/24/2021 02:38:40,5/7/2037,3/23/2020 01:25:30,37,Zone
825,7/18/2020 01:27:57,4/19/2030,6/20/2021 02:30:52,43,Zone
826,4/23/2020 13:08:41,3/6/2042,null,54,Zone
827,10/11/2020 10:19:55,11/8/2024,2/11/2023 05:28:04,100,Zone
828,8/20/2020 08:10:47,6/19/2040,null,28,Subscriber
829,9/19/2020 23:55:50,8/24/2028,7/16/2020 19:48:40,46,Zone
830,8/24/2020 23:28:43,4/21/2046,null,72,Zone
831,1/23/2020 02:36:58,12/17/2039,10/17/2020 04:55:07,94,Zone
832,12/13/2021 15:12:35,4/30/2045,null,38,Zone
833,11/1/2021 20:58:01,9/13/2037,null,25,Zone
834,2/23/2020 22:23:16,6/23/2043,3/27/2021 19:26:59,1,Zone
835,6/5/2020 22:36:58,4/18/2039,null,20,Subscriber
836,8/20/2021 01:39:39,3/15/2029,10/14/2022 11:30:48,90,Zone
837,6/20/2020 01:48:41,5/13/2038,8/13/2020 07:48:48,98,Zone
838,10/11/2020 20:00:52,2/17/2028,null,30,Zone
839,2/5/2023 12:34:30,10/28/2024,2/16/2021 05:58:28,84,Zone
840,10/6/2020 22:32:58,3/13/2048,5/21/2020 12:18:07,11,Zone
841,7/21/2022 06:29:50,8/27/2030,4/25/2023 19:20:05,50,Zone
842,3/22/2022 05:52:11,1/28/2038,null,36,Subscriber
843,6/28/2021 20:36:29,3/23/2044,3/13/2023 05:50:13,59,Zone
844,2/13/2021 22:14:58,4/6/2025,3/30/2023 22:43:39,21,Zone
845,10/12/2020 20:16:29,2/20/2046,12/1/2022 21:59:02,93,Zone
846,8/26/2022 12:03:42,11/17/2038,8/18/2021 21:20:42,60,Zone
847,10/19/2022 01:04:07,4/15/2049,null,28,Zone
848,6/28/2020 09:37:50,6/27/2023,null,42,Zone
849,3/13/2023 19:56:23,11/24/2027,2/12/2020 20:45:29,54,Subscriber
850,10/7/2021 00:40:38,12/16/2033,null,77,Zone
851,9/25/2021 12:59:07,4/10/2028,null,29,Zone
852,6/3/2020 14:57:45,1/22/2030,null,30,Zone
853,4/24/2023 17:39:56,9/30/2033,5/21/2020 10:27:25,49,Zone
854,9/25/2020 17:28:56,10/15/2048,7/27/2021 12:11:53,62,Zone
855,5/5/2023 18:05:47,5/4/2026,7/10/2020 06:42:57,31,Zone
856,6/6/2021 14:35:54,4/2/2032,null,84,Zone
857,9/7/2021 04:56:08,3/11/2039,null,100,Zone
858,4/20/2021 02:38:35,4/17/2036,3/28/2021 12:56:27,13,Zone
859,10/1/2021 07:42:39,6/22/2045,null,73,Zone
860,4/26/2020 11:44:17,5/16/2033,8/24/2022 22:19:14,73,Zone
861,5/12/2021 19:45:15,1/11/2030,1/5/2023 22:56:09,62,Zone
862,2/27/2020 11:45:54,11/15/2043,null,33,Zone
863,5/30/2023 19:19:25,5/8/2029,null,34,Zone
864,10/21/2022 13:58:41,5/13/2026,2/23/2023 10:44:51,28,Zone
865,1/6/2021 23:04:54,1/3/2042,7/20/2022 10:20:41,98,Subscriber
866,2/21/2023 08:41:56,1/4/2042,9/30/2021 10:47:05,64,Zone
867,6/13/2020 03:57:31,2/6/2031,2/19/2021 17:13:06,65,Zone
868,3/25/2021 09:16:24,6/4/2038,6/24/2021 13:44:23,72,Zone
869,11/14/2021 20:12:10,3/18/2029,10/5/2020 13:26:31,51,Zone
870,5/18/2023 09:07:14,12/13/2046,null,74,Zone
871,3/1/2023 15:24:01,3/24/2027,2/25/2020 14:16:01,37,Zone
872,11/21/2022 00:16:17,2/1/2046,10/13/2021 19:50:21,30,Zone
873,9/18/2022 21:33:54,1/23/2039,null,72,Zone
874,1/20/2021 18:59:21,2/23/2037,7/28/2020 07:29:15,96,Zone
875,7/31/2020 01:47:08,1/18/2049,5/26/2020 11:59:25,61,Zone
876,4/27/2023 07:33:03,3/26/2030,5/11/2022 01:57:23,82,Zone
877,5/5/2021 16:49:34,5/26/2046,null,28,Zone
878,7/5/2021 05:40:07,4/13/2046,9/14/2021 14:22:57,94,Zone
879,12/4/2021 06:21:46,6/22/2032,null,49,Zone
880,2/16/2022 15:14:20,12/23/2032,6/17/2022 08:24:08,24,Zone
881,5/30/2023 20:29:16,1/19/2026,3/27/2020 01:55:16,39,Zone
882,11/13/2022 08:24:26,8/9/2048,7/16/2022 13:03:14,6,Zone
883,1/17/2022 19:40:17,6/22/2040,9/16/2021 17:30:30,54,Zone
884,4/25/2020 04:33:58,11/23/2048,3/8/2023 09:09:30,47,Zone
885,12/12/2022 11:46:57,9/9/2025,5/2/2022 02:52:50,34,Zone
886,2/25/2020 05:26:50,8/13/2044,null,51,Zone
887,5/13/2023 20:35:11,1/11/2040,6/13/2020 00:35:01,100,Zone
888,8/17/2020 06:17:12,10/31/2045,6/4/2021 14:16:46,31,Zone
889,7/28/2022 00:41:35,3/17/2034,4/30/2022 14:26:40,57,Zone
890,4/18/2020 12:38:04,3/16/2050,null,46,Zone
891,4/10/2022 20:27:31,2/12/2034,2/21/2023 18:12:20,42,Zone
892,3/18/2022 14:06:44,2/24/2050,null,86,Zone
893,8/14/2022 11:03:56,1/14/2046,3/27/2023 21:07:49,81,Zone
894,4/11/2020 17:33:51,5/9/2043,4/4/2021 06:31:00,55,Zone
895,12/16/2021 03:37:21,11/3/2043,null,92,Zone
896,3/26/2022 16:42:49,12/9/2024,null,10,Subscriber
897,9/25/2022 12:54:53,2/3/2029,null,48,Zone
898,10/18/2022 19:38:40,8/14/2038,12/23/2020 16:36:02,37,Zone
899,1/28/2022 13:40:49,10/30/2031,2/16/2023 13:03:14,74,Zone
900,1/24/2022 06:00:33,6/21/2045,3/1/2021 15:28:13,11,Subscriber
901,10/1/2022 23:58:29,5/10/2043,null,8,Zone
902,1/14/2022 12:14:20,6/18/2034,12/9/2020 23:19:26,94,Zone
903,5/16/2020 08:35:38,11/7/2040,10/9/2021 04:29:06,72,Zone
904,4/10/2022 20:04:14,11/11/2050,3/10/2023 04:05:28,56,Subscriber
905,3/25/2021 01:40:58,8/10/2042,null,8,Zone
906,4/6/2022 11:06:27,6/12/2038,4/26/2020 18:22:00,15,Subscriber
907,1/20/2022 12:08:47,12/28/2044,9/25/2021 22:54:53,16,Zone
908,2/9/2020 19:29:48,12/25/2027,3/1/2022 13:23:45,66,Zone
909,4/3/2021 02:51:12,10/29/2049,7/17/2022 22:47:09,74,Zone
910,3/13/2022 05:32:22,4/24/2038,6/24/2020 00:44:26,24,Zone
911,10/8/2022 18:19:52,5/17/2048,3/3/2022 12:22:16,45,Zone
912,6/26/2020 01:13:33,11/24/2042,null,56,Subscriber
913,9/9/2020 03:01:13,6/24/2042,2/22/2021 15:04:46,61,Zone
914,7/29/2022 18:12:18,6/2/2043,5/28/2021 20:32:58,20,Zone
915,10/16/2020 02:59:18,3/7/2028,12/7/2021 08:02:36,30,Subscriber
916,7/11/2020 03:43:03,7/14/2027,2/27/2021 09:28:13,67,Zone
917,10/24/2020 15:10:58,12/27/2038,4/4/2022 04:18:42,46,Zone
918,11/5/2020 17:57:13,9/17/2024,null,42,Subscriber
919,8/30/2021 01:11:28,12/23/2026,null,68,Zone
920,1/2/2023 18:24:37,3/12/2038,9/12/2020 15:31:56,92,Zone
921,8/22/2021 04:28:20,2/5/2032,2/7/2020 06:37:40,51,Zone
922,10/31/2020 18:48:27,1/21/2026,null,2,Zone
923,6/3/2022 04:42:50,3/27/2026,null,65,Zone
924,3/28/2020 21:37:01,5/29/2034,null,100,Zone
925,1/11/2023 17:58:10,7/21/2035,null,48,Zone
926,4/11/2022 14:51:33,6/25/2027,2/28/2022 20:59:20,55,Zone
927,5/5/2021 08:58:20,8/31/2033,5/19/2020 04:22:38,90,Zone
928,2/7/2021 06:42:17,1/31/2025,1/22/2021 00:04:46,36,Subscriber
929,3/27/2020 04:53:45,4/16/2032,null,97,Zone
930,10/2/2022 03:46:51,2/22/2041,3/24/2020 08:40:29,82,Zone
931,9/10/2022 17:32:37,12/1/2029,9/1/2020 13:28:39,78,Zone
932,4/4/2022 19:24:42,8/10/2035,2/15/2023 11:12:24,9,Zone
933,11/9/2020 06:58:47,1/15/2040,7/17/2020 13:11:13,73,Zone
934,1/19/2020 07:41:21,5/9/2027,null,64,Zone
935,1/3/2023 20:23:33,11/5/2035,3/25/2020 19:51:44,59,Zone
936,3/9/2020 11:37:01,7/7/2025,12/13/2021 02:01:05,34,Zone
937,12/27/2022 17:23:50,11/14/2043,7/13/2021 13:38:33,90,Zone
938,2/13/2022 09:08:31,9/10/2049,6/30/2022 20:12:12,41,Zone
939,1/2/2023 17:10:04,8/23/2041,11/6/2022 12:20:37,43,Zone
940,8/3/2020 03:36:39,12/9/2038,5/14/2023 20:33:19,71,Zone
941,7/12/2021 19:59:33,6/18/2045,12/25/2022 23:02:07,38,Zone
942,7/22/2021 11:03:44,8/10/2044,12/10/2022 01:41:19,78,Zone
943,1/6/2022 01:58:16,11/3/2040,9/8/2021 22:44:01,83,Zone
944,4/28/2022 20:22:40,1/15/2040,7/21/2020 20:15:21,6,Zone
945,12/10/2022 23:55:37,6/18/2047,8/12/2021 10:31:20,74,Zone
946,4/11/2021 05:06:36,9/13/2030,null,82,Zone
947,1/9/2022 10:07:40,6/14/2043,11/27/2021 16:13:13,14,Zone
948,10/30/2021 07:59:21,2/8/2040,1/12/2021 02:15:37,88,Zone
949,1/16/2020 07:17:10,12/12/2035,10/7/2022 03:20:00,85,Zone
950,8/13/2022 23:13:50,11/24/2039,9/8/2021 04:03:16,82,Zone
951,11/1/2020 20:49:52,2/13/2035,9/14/2022 12:09:58,65,Subscriber
952,11/8/2022 00:23:10,12/10/2042,6/4/2021 05:31:22,67,Zone
953,2/9/2021 13:14:29,10/6/2045,9/19/2021 01:13:10,4,Zone
954,2/21/2023 13:52:34,9/13/2038,9/20/2022 06:22:07,30,Zone
955,5/5/2023 12:13:17,1/1/2032,8/28/2021 05:53:38,62,Zone
956,8/12/2022 02:59:01,10/27/2045,12/11/2020 07:01:22,75,Zone
957,8/7/2022 13:32:28,11/27/2044,11/2/2022 17:58:21,72,Zone
958,3/5/2022 16:54:49,5/24/2040,9/1/2021 11:31:41,49,Zone
959,11/30/2020 22:06:20,6/29/2025,10/14/2020 19:04:26,13,Zone
960,8/8/2022 05:35:50,7/4/2037,null,65,Zone
961,2/12/2022 00:30:11,12/13/2038,7/12/2021 16:54:24,45,Zone
962,8/18/2022 07:45:39,7/2/2041,3/27/2021 11:04:59,6,Zone
963,9/1/2022 19:41:31,6/10/2026,1/24/2021 06:28:16,89,Zone
964,3/10/2020 22:46:39,12/2/2038,1/6/2021 06:43:27,41,Zone
965,4/1/2020 20:53:08,7/15/2030,2/5/2022 06:18:25,4,Zone
966,3/28/2021 21:33:30,5/21/2039,12/15/2022 02:01:38,3,Zone
967,2/19/2021 22:37:26,2/20/2047,3/4/2021 04:56:05,98,Zone
968,3/31/2020 19:40:21,4/3/2048,2/17/2022 16:19:34,33,Zone
969,1/24/2021 02:45:29,11/16/2043,1/19/2023 15:45:29,66,Zone
970,6/14/2022 16:49:01,4/26/2035,5/25/2021 02:42:57,83,Zone
971,2/20/2021 05:17:52,8/22/2028,11/10/2021 20:20:40,82,Zone
972,6/6/2020 15:04:17,9/20/2032,null,98,Zone
973,10/12/2020 20:59:31,10/24/2041,null,1,Zone
974,6/15/2020 02:46:13,10/24/2036,null,85,Zone
975,6/17/2022 01:20:03,12/3/2046,2/2/2023 20:37:38,42,Zone
976,8/19/2021 00:56:13,5/31/2026,6/7/2022 09:48:44,95,Zone
977,10/29/2021 14:04:21,9/23/2026,12/10/2022 14:57:01,16,Zone
978,6/9/2020 10:15:52,1/19/2025,7/16/2022 15:39:17,62,Subscriber
979,1/9/2020 21:07:04,6/27/2028,12/12/2021 07:00:58,30,Zone
980,8/10/2021 11:48:16,7/25/2047,1/4/2023 03:35:21,83,Zone
981,10/19/2020 04:02:17,11/26/2033,null,38,Zone
982,5/4/2023 19:12:37,10/18/2037,10/27/2022 07:23:28,86,Zone
983,2/9/2021 20:33:25,6/17/2027,2/25/2022 18:47:14,4,Zone
984,12/26/2021 11:01:09,2/14/2039,5/19/2021 01:45:16,33,Zone
985,1/14/2023 06:59:52,11/8/2032,6/19/2020 11:36:19,9,Zone
986,11/4/2022 05:19:27,1/8/2025,2/3/2022 05:03:18,26,Subscriber
987,9/20/2020 19:44:29,5/26/2025,null,13,Zone
988,2/6/2022 17:04:34,6/27/2047,8/30/2020 15:09:56,71,Zone
989,2/14/2020 10:45:13,4/30/2045,null,36,Zone
990,11/19/2021 20:05:07,3/8/2043,3/7/2021 06:45:20,66,Subscriber
991,2/18/2021 06:34:03,1/19/2041,null,33,Zone
992,12/13/2020 23:51:11,4/19/2049,10/17/2022 10:58:01,4,Zone
993,7/5/2022 19:07:29,7/7/2044,5/18/2023 02:08:32,59,Zone
994,3/26/2022 17:54:21,7/15/2026,1/21/2022 05:11:55,39,Zone
995,11/13/2020 13:59:04,8/4/2035,null,23,Zone
996,9/5/2022 06:03:01,12/9/2028,null,79,Zone
997,9/13/2022 15:05:37,5/24/2028,null,67,Zone
998,6/5/2022 11:01:00,12/12/2032,null,69,Zone
999,5/15/2022 19:51:55,9/16/2041,null,30,Zone
1000,6/12/2022 09:04:45,9/9/2037,null,12,Zone