ZoneID,CityID,Postcode,LocationName,ContractID
1,58,4326,Hoard,234
2,73,3119,Hoffman,897
3,36,4326,Barby,908
4,42,4326,Ilene,422
5,75,2430-620,Valley Edge,121
6,126,4326,Meadow Ridge,158
7,131,309573,Golden Leaf,168
8,25,4326,Lighthouse Bay,247
9,46,4326,Mandrake,547
10,159,4326,Reinke,534
11,80,4326,Independence,985
12,44,4326,Graceland,701
13,148,4326,Doe Crossing,841
14,170,4326,Becker,78
15,40,4326,Blue Bill Park,699
16,99,20170,Beilfuss,2
17,139,4326,Pierstorff,510
18,43,46406,Anthes,447
19,76,4326,Ronald Regan,463
20,119,545 30,Bluejay,531
21,142,24118,Randy,224
22,1,4326,Talmadge,162
23,110,07800-000,Spenser,27
24,88,52111,Graceland,788
25,38,40293,Oak,536
26,40,4326,Merry,17
27,173,4326,Jenna,405
28,126,4326,Gerald,309
29,85,2770-005,Hazelcrest,477
30,99,4326,Sloan,73
31,113,4326,Merry,581
32,126,56500-000,Meadow Valley,237
33,31,4326,Kedzie,484
34,42,4326,Springview,906
35,45,186 31,Nobel,10
36,76,4326,Dapin,775
37,171,4326,Farmco,768
38,26,4326,Waxwing,431
39,30,4326,Bluestem,26
40,79,4326,Knutson,85
41,80,4326,4th,414
42,106,89-200,Pearson,212
43,79,386147,Moose,779
44,94,4326,Mariners Cove,493
45,45,8507,Rockefeller,244
46,162,4326,Schmedeman,232
47,90,4326,Pepper Wood,659
48,63,3025-389,Schurz,191
49,110,4326,Amoth,104
50,159,83060 CEDEX,Southridge,498
51,132,4326,Kropf,684
52,147,4326,Johnson,965
53,33,32255,Tomscot,818
54,103,80686,Carpenter,549
55,118,1623,Mcbride,542
56,132,9406,Bay,288
57,80,2445-204,La Follette,818
58,146,24-204,Westerfield,407
59,54,4326,Namekagon,546
60,1,4326,Hayes,175
61,136,3060-323,Longview,801
62,144,39250,Eastlawn,446
63,103,4326,Pennsylvania,317
64,107,4326,Upham,378
65,39,4326,Eastlawn,804
66,73,787-0150,Prairieview,620
67,66,452719,Algoma,246
68,169,4326,Northfield,464
69,50,11710,Bluejay,561
70,125,4326,Cambridge,334
71,138,4326,Loeprich,760
72,151,4326,Canary,161
73,164,86800-000,New Castle,240
74,48,4326,Blaine,952
75,148,4326,Walton,245
76,38,4326,Springview,531
77,14,5143,Gerald,949
78,4,4326,Schlimgen,309
79,59,MD-7702,Claremont,192
80,136,107 07,Crownhardt,489
81,126,4326,Tennyson,312
82,19,4326,Redwing,38
83,178,300-0331,Blaine,589
84,6,301088,Schurz,586
85,32,44000-000,Lillian,505
86,165,4326,Michigan,241
87,4,614532,Anzinger,756
88,118,4326,Anniversary,533
89,194,4326,Mccormick,154
90,29,4326,Thompson,396
91,175,879-0617,Transport,808
92,109,4326,Longview,366
93,105,4326,Hooker,101
94,131,8657,Schmedeman,111
95,124,4485-174,Memorial,929
96,140,186755,Melrose,323
97,153,3080-352,Clarendon,655
98,39,4326,Esker,319
99,117,61900-000,Cordelia,922
100,52,7490-405,Twin Pines,120
101,91,250027,Armistice,196
102,50,4326,Dapin,546
103,62,4326,Susan,893
104,77,664 31,Manitowish,717
105,183,4206,Dovetail,499
106,152,4326,Commercial,235
107,151,4326,Mayfield,37
108,119,39290,Arizona,199
109,136,8010,Sundown,39
110,31,44916 CEDEX 9,Ridgeview,893
111,198,4326,Oak,582
112,183,4326,Gateway,585
113,138,88-405,Grayhawk,899
114,164,33982,Manitowish,47
115,115,4326,Farmco,370
116,149,4326,Maple Wood,483
117,200,613470,Reinke,533
118,56,13347,Warrior,301
119,82,4326,Washington,864
120,85,46-030,Basil,910
121,117,4326,Everett,536
122,105,4326,Westport,196
123,112,4326,Washington,473
124,96,4326,Blaine,362
125,88,07800-000,Hermina,607
126,41,4326,Esker,997
127,110,624449,Heath,688
128,14,4326,Commercial,202
129,167,4326,Waubesa,695
130,101,4326,Nancy,34
131,35,4326,Hudson,997
132,199,5122,Muir,21
133,126,4326,Buell,110
134,13,4326,Talmadge,867
135,100,4326,La Follette,84
136,89,4326,Westend,693
137,142,50730,Atwood,368
138,139,57820-000,Dahle,706
139,26,21209 CEDEX,Blue Bill Park,100
140,131,4326,Melrose,77
141,7,8430,Hintze,74
142,88,4326,4th,686
143,60,687 12,Caliangt,749
144,146,330 22,Sachtjen,309
145,59,4326,School,23
146,33,4326,Arapahoe,572
147,90,5340,Ridgeway,787
148,54,4326,Sugar,3
149,173,4326,Burning Wood,571
150,71,4690-480,Tennyson,338
151,199,4326,Gina,492
152,43,93702,Ohio,540
153,66,4326,Algoma,718
154,200,4635-637,Mandrake,806
155,57,4326,Coleman,374
156,63,4326,Vahlen,428
157,171,920-2327,Hudson,184
158,54,4326,Ramsey,970
159,71,3240,Muir,306
160,137,4326,Annamark,217
161,166,9017,Banding,18
162,56,4326,International,878
163,120,4326,Old Gate,84
164,170,4326,Dahle,826
165,175,4326,Linden,196
166,159,4326,Linden,590
167,75,16301,Old Shore,356
168,115,4326,Mitchell,499
169,10,4326,Raven,717
170,11,4326,Crowley,813
171,167,4326,Goodland,716
172,161,4326,Basil,312
173,136,4326,Clyde Gallagher,325
174,84,4326,Nobel,870
175,98,3507,Banding,965
176,196,49390-000,Esch,65
177,27,4326,Mesta,676
178,43,4326,Mesta,958
179,103,92159 CEDEX,Chive,215
180,78,4326,Cottonwood,201
181,107,4326,Roth,338
182,193,4326,Cascade,972
183,98,4326,Di Loreto,613
184,161,4326,Riverside,343
185,154,4326,Boyd,646
186,87,4326,Oak Valley,811
187,56,4326,Forster,68
188,9,546079,Thackeray,788
189,87,8609,Ridgeview,964
190,61,4326,Hollow Ridge,317
191,71,4326,Sunnyside,966
192,91,60619,Badeau,20
193,59,4326,Meadow Ridge,707
194,168,1702,Melody,732
195,127,4326,Jackson,390
196,50,404609,Gulseth,943
197,19,4326,Pearson,551
198,111,4326,Columbus,614
199,56,59058,Charing Cross,909
200,192,4326,Melody,616
201,51,L4R,Lawn,56
202,107,4445-005,Rigney,908
203,180,76420-000,Oak Valley,152
204,32,629851,Old Shore,102
205,138,11630-000,Birchwood,582
206,176,78900,Larry,147
207,168,3550-053,Schurz,673
208,166,5400-715,Dryden,50
209,179,8150-045,Pleasure,219
210,56,67214 CEDEX,Fulton,241
211,65,2718,Glendale,558
212,135,4326,Maple Wood,31
213,163,6513,Erie,905
214,121,4326,Southridge,669
215,187,4326,Stephen,483
216,96,2529,Alpine,92
217,179,391147,Kedzie,580
218,107,49700-000,Crowley,878
219,191,4326,Moland,588
220,140,4326,Dayton,320
221,56,4326,Oakridge,63
222,9,63-642,Glendale,660
223,167,4326,Melody,70
224,175,4326,Vidon,248
225,154,4326,Del Mar,206
226,129,4326,Holmberg,989
227,108,36951,Pepper Wood,1
228,163,88514,Magdeline,207
229,174,SN1,Clyde Gallagher,351
230,41,4326,Forest Dale,846
231,165,629320,Delaware,388
232,65,4326,Warrior,195
233,100,51715 CEDEX,Aberg,248
234,102,4326,Menomonie,151
235,173,4326,Sunfield,282
236,162,4326,Hovde,243
237,4,95930-000,Armistice,793
238,47,4326,Magdeline,317
239,174,2635-230,Myrtle,545
240,125,617-0002,Beilfuss,594
241,88,684009,Haas,993
242,152,4326,Lake View,134
243,118,67029 CEDEX 1,Upham,373
244,21,V7W,Anniversary,650
245,194,9800-525,Gina,403
246,18,4326,Lunder,280
247,90,4326,Dwight,218
248,159,4326,Welch,197
249,141,N2R,Mitchell,783
250,144,56000-000,Stoughton,249
251,168,4326,Westridge,494
252,156,4326,Namekagon,357
253,95,4326,Troy,109
254,165,0398,Menomonie,499
255,45,4326,Portage,447
256,18,4326,Dixon,382
257,118,711 82,Independence,191
258,99,64-120,Truax,954
259,162,4326,Troy,934
260,71,4326,Bunker Hill,938
261,105,4326,Charing Cross,402
262,56,60637 CEDEX,Forest,369
263,119,79300-000,Basil,395
264,16,684 91,Washington,649
265,21,56001,Sommers,428
266,185,4326,Lunder,894
267,10,4326,Kipling,17
268,57,4326,Goodland,677
269,112,4326,Del Sol,508
270,88,4326,Westerfield,695
271,73,385123,Melvin,598
272,176,60630,Maple,213
273,62,4326,Emmet,161
274,126,4326,Lindbergh,738
275,89,4326,Summer Ridge,499
276,51,4326,Thackeray,389
277,127,239 30,Tony,415
278,38,7213,Kinsman,843
279,62,4326,Commercial,808
280,143,4326,Namekagon,1000
281,70,4326,Continental,309
282,137,4326,Forster,286
283,115,4331,Southridge,488
284,174,4326,Service,73
285,135,629620,Eastwood,12
286,145,84304 CEDEX,Boyd,19
287,148,446168,Grasskamp,648
288,189,3940,Transport,418
289,43,35890,Buell,131
290,70,13316 CEDEX 15,Autumn Leaf,338
291,81,251257,Glacier Hill,685
292,67,4326,Dayton,169
293,149,4326,Emmet,573
294,17,4326,Nova,106
295,148,14240-000,Milwaukee,368
296,42,49970-000,Jenifer,833
297,151,4326,Starling,158
298,18,4326,Portage,610
299,100,4326,Schmedeman,158
300,182,4326,Anderson,570
301,37,35970-000,Sheridan,74
302,145,4326,Declaration,519
303,62,4326,Everett,248
304,152,4326,Londonderry,241
305,80,2416,Manley,865
306,110,4326,Crowley,696
307,141,4326,Londonderry,337
308,16,4326,Main,444
309,196,2680-423,Walton,872
310,194,452960,Northridge,165
311,82,4326,Manley,145
312,186,30905,Kropf,855
313,191,4326,Huxley,258
314,37,644000,Spohn,437
315,42,4326,Arapahoe,219
316,181,4326,Delladonna,503
317,122,4326,Brickson Park,774
318,198,88000-000,Barnett,324
319,71,69260-000,Schiller,793
320,23,4326,Packers,280
321,56,4326,Hansons,44
322,185,48-340,Colorado,412
323,61,397706,Dixon,557
324,130,687587,Loftsgordon,766
325,200,4326,Kipling,340
326,160,4326,Anzinger,582
327,195,9400,Fairview,143
328,136,4234,Clemons,993
329,68,4326,Elgar,526
330,18,4326,Lindbergh,158
331,26,273 05,Independence,457
332,193,4326,Dwight,541
333,8,63301,Hollow Ridge,577
334,184,4500,Upham,209
335,40,36205,Killdeer,557
336,143,647462,Gulseth,484
337,61,4326,Reindahl,889
338,49,4326,Lighthouse Bay,127
339,96,4326,Longview,73
340,178,69570,Anniversary,577
341,193,851 83,Shelley,201
342,159,4326,Pennsylvania,722
343,17,95601,Upham,40
344,70,4326,Forest Dale,123
345,172,4326,Sage,324
346,138,4326,Badeau,643
347,156,4326,John Wall,845
348,117,4326,Schlimgen,660
349,156,4326,Weeping Birch,296
350,46,4326,Dorton,812
351,152,617010,Warrior,774
352,148,4326,Mallard,420
353,125,4326,Gina,583
354,126,85401,Leroy,157
355,157,4326,Farragut,235
356,184,4326,La Follette,32
357,18,2807,Lien,112
358,121,18130-000,Larry,984
359,31,95219 CEDEX,Jenifer,209
360,113,4326,Center,611
361,181,4326,Barnett,522
362,88,4326,Bowman,395
363,197,30001,Anzinger,790
364,44,4326,Eliot,293
365,72,363303,Transport,600
366,118,3640-170,Colorado,952
367,153,4326,Delaware,318
368,56,4326,Sunfield,861
369,166,4326,Butternut,338
370,125,4805-358,Hoffman,457
371,137,4010,Northridge,842
372,131,4326,Emmet,797
373,5,4326,Barnett,260
374,19,4326,Charing Cross,283
375,161,4326,Farragut,644
376,25,4326,Cody,345
377,56,4326,Loeprich,130
378,85,4326,Clove,914
379,146,4326,Derek,877
380,46,3005,Brickson Park,983
381,34,4326,Rieder,692
382,129,4326,Hallows,417
383,2,10502,Fordem,85
384,52,4326,Rusk,748
385,45,4326,Dryden,502
386,34,4326,Mifflin,562
387,163,4326,Reindahl,168
388,56,4326,International,874
389,1,319-3117,Prairie Rose,37
390,39,4326,Acker,526
391,136,59290-000,Reindahl,478
392,166,4326,Starling,481
393,5,4807,Magdeline,38
394,178,4326,Merchant,34
395,39,4326,Lakewood Gardens,623
396,28,4326,Boyd,902
397,14,601 81,Beilfuss,747
398,159,45960-000,Buell,575
399,150,46-022,Katie,726
400,155,4326,Bunker Hill,993
401,85,4326,Pierstorff,781
402,99,4326,Northwestern,804
403,196,4326,Portage,388
404,58,4326,Hansons,855
405,175,4326,Vahlen,147
406,58,4326,Crowley,346
407,187,4326,Novick,562
408,19,183 15,Hoard,987
409,2,4326,Kropf,232
410,159,4326,Northwestern,189
411,159,204007,Sachtjen,595
412,130,4326,New Castle,616
413,80,4326,Mariners Cove,620
414,130,4326,Myrtle,977
415,4,4326,Scoville,927
416,22,39209 CEDEX,Kinsman,27
417,199,4650-669,Thompson,801
418,62,4326,Dorton,497
419,45,24120,Kedzie,670
420,11,4326,Village Green,987
421,149,4326,Comanche,317
422,52,4326,Northwestern,457
423,144,23016 CEDEX,Straubel,405
424,150,4326,Scoville,428
425,18,4326,Utah,914
426,79,48321,Sage,961
427,151,4326,Hayes,609
428,106,4326,Texas,221
429,60,379-2147,Pankratz,805
430,27,4326,Sutherland,902
431,110,4326,Blue Bill Park,504
432,190,4765-497,Hallows,461
433,147,95445 CEDEX,Mesta,140
434,130,4326,Browning,551
435,91,184 92,Bultman,524
436,5,4326,Lukken,629
437,36,4326,Elka,137
438,75,4326,Comanche,631
439,105,77554 CEDEX,Forest Dale,16
440,114,4326,Cordelia,969
441,102,10250,Nova,356
442,165,4326,Morrow,574
443,164,404172,Melby,577
444,13,5204,Sundown,807
445,12,4326,Hallows,948
446,99,0102,Loomis,573
447,64,601671,Sunnyside,411
448,124,4326,Twin Pines,507
449,145,4326,John Wall,274
450,116,8264,Dryden,461
451,181,57509 CEDEX,Almo,92
452,96,4326,Reinke,653
453,59,39750-000,Donald,675
454,145,9617,Melvin,48
455,132,4326,Ridgeview,426
456,17,4326,American,378
457,71,4326,Pine View,180
458,77,4326,Maple,145
459,154,165500,Dryden,314
460,98,4326,Utah,151
461,97,59347-000,Blackbird,536
462,185,60674,Fairview,859
463,166,153007,Old Gate,712
464,168,4326,Becker,661
465,111,4326,Brentwood,808
466,17,EC1V,Kenwood,447
467,123,4326,Center,31
468,83,243044,Wayridge,482
469,119,4326,Clemons,80
470,37,2436,Orin,681
471,199,19117 CEDEX,Johnson,344
472,95,4335,Roth,202
473,100,4326,Fordem,234
474,135,03016,Elmside,636
475,143,4326,Jenifer,769
476,45,4326,Stang,87
477,102,652261,Veith,52
478,130,4326,Heffernan,782
479,61,3126,Norway Maple,726
480,13,4326,Macpherson,928
481,81,4326,Crest Line,437
482,111,4326,Lien,238
483,182,175100,Banding,959
484,82,4326,Larry,358
485,125,9800,Acker,30
486,46,391357,Linden,934
487,80,4326,Victoria,928
488,125,4326,Vera,806
489,116,4326,Haas,220
490,138,4326,John Wall,320
491,46,4326,Mendota,801
492,103,4326,Mifflin,508
493,44,2725,Marquette,43
494,143,4326,Brickson Park,976
495,193,4326,Annamark,697
496,172,13250,Westend,428
497,103,4326,Westport,209
498,52,69303 CEDEX 07,Loeprich,676
499,129,6090-425,Fair Oaks,256
500,11,4690-300,4th,227